{"credit":"Made with Blockbench","ambientocclusion":false,"texture_size":[64,64],"textures":{"0":"7h6wdomfg:obf/y/w/5/n/3/a/k/m/s/7/.","particle":"7h6wdomfg:obf/y/w/5/n/3/a/k/m/s/7/."},"elements":[{"from":[-3.1334,11.22001,13.025],"to":[9.8666,20.22001,13.975],"rotation":{"angle":-22.5,"axis":"z","origin":[-4.1334,0.22001,-2]},"faces":{"north":{"uv":[2.75,0,6,2.25],"texture":"#0"},"east":{"uv":[6.5,9.5,6.75,11.75],"texture":"#0"},"south":{"uv":[2.75,2.25,6,4.5],"texture":"#0"},"west":{"uv":[6.75,9.5,7,11.75],"texture":"#0"},"up":{"uv":[12,2.75,8.75,2.5],"texture":"#0"},"down":{"uv":[12,2.75,8.75,3],"texture":"#0"}}},{"from":[-1.89451,17.62097,2],"to":[9.10549,18.62097,13.025],"rotation":{"angle":-22.5,"axis":"z","origin":[0.00549,0.02097,-0.025]},"faces":{"north":{"uv":[9,1.75,11.75,2],"texture":"#0"},"east":{"uv":[9.75,0,12.5,0.25],"texture":"#0"},"south":{"uv":[9.75,0.25,12.5,0.5],"texture":"#0"},"west":{"uv":[9.75,0.5,12.5,0.75],"texture":"#0"},"up":{"uv":[2.75,2.75,0,0],"texture":"#0"},"down":{"uv":[2.75,2.75,0,5.5],"texture":"#0"}}},{"from":[-1.89451,9.62097,2],"to":[9.10549,17.62097,3.025],"rotation":{"angle":-22.5,"axis":"z","origin":[0.00549,0.02097,-0.025]},"faces":{"north":{"uv":[6,2,8.75,4],"texture":"#0"},"east":{"uv":[7.5,9.5,7.75,11.5],"texture":"#0"},"south":{"uv":[5.5,6.5,8.25,8.5],"texture":"#0"},"west":{"uv":[7.75,9.5,8,11.5],"texture":"#0"},"up":{"uv":[12.5,1,9.75,0.75],"texture":"#0"},"down":{"uv":[12.5,1,9.75,1.25],"texture":"#0"}}},{"from":[11.5,3.75,2.025],"to":[14,10,3],"rotation":{"angle":0,"axis":"y","origin":[16,0,0]},"faces":{"north":{"uv":[9,0,9.75,1.75],"texture":"#0"},"east":{"uv":[8.75,10,9,11.75],"texture":"#0"},"south":{"uv":[0,9.5,0.75,11.25],"texture":"#0"},"west":{"uv":[9,10,9.25,11.75],"texture":"#0"},"up":{"uv":[4.75,8,4,7.75],"texture":"#0"},"down":{"uv":[5.5,7.75,4.75,8],"texture":"#0"}}},{"from":[2,3.75,2.025],"to":[4,10,3],"rotation":{"angle":0,"axis":"y","origin":[16,0,0]},"faces":{"north":{"uv":[0.75,9.5,1.25,11.25],"texture":"#0"},"east":{"uv":[9.25,10,9.5,11.75],"texture":"#0"},"south":{"uv":[1.25,9.5,1.75,11.25],"texture":"#0"},"west":{"uv":[9.5,10,9.75,11.75],"texture":"#0"},"up":{"uv":[8.5,4.25,8,4],"texture":"#0"},"down":{"uv":[8.5,4.25,8,4.5],"texture":"#0"}}},{"from":[4,5.25,2.025],"to":[11.5,9,3],"rotation":{"angle":0,"axis":"y","origin":[16,0,0]},"faces":{"north":{"uv":[8.5,5,10.5,6],"texture":"#0"},"east":{"uv":[3.5,10.25,3.75,11.25],"texture":"#0"},"south":{"uv":[6,8.5,8,9.5],"texture":"#0"},"west":{"uv":[3.75,10.25,4,11.25],"texture":"#0"},"up":{"uv":[8,4.25,6,4],"texture":"#0"},"down":{"uv":[8,4.25,6,4.5],"texture":"#0"}}},{"from":[7,3.75,2],"to":[8.75,5.25,3],"rotation":{"angle":0,"axis":"y","origin":[16,0,0]},"faces":{"north":{"uv":[3,7.75,3.5,8.25],"texture":"#0"},"east":{"uv":[5.25,10.25,5.5,10.75],"texture":"#0"},"south":{"uv":[3.5,7.75,4,8.25],"texture":"#0"},"west":{"uv":[5.5,10.25,5.75,10.75],"texture":"#0"},"up":{"uv":[10.75,10.25,10.25,10],"texture":"#0"},"down":{"uv":[10.75,10.25,10.25,10.5],"texture":"#0"}}},{"from":[-4.35132,5.09707,2],"to":[-3.35132,14.09707,13],"rotation":{"angle":-22.5,"axis":"z","origin":[10.64868,-5.90293,0]},"faces":{"north":{"uv":[7,9.5,7.25,11.75],"texture":"#0"},"east":{"uv":[2.75,4.5,5.5,6.75],"texture":"#0"},"south":{"uv":[7.25,9.5,7.5,11.75],"texture":"#0"},"west":{"uv":[0,5.5,2.75,7.75],"texture":"#0"},"up":{"uv":[2.75,12.25,2.5,9.5],"texture":"#0"},"down":{"uv":[3,9.5,2.75,12.25],"texture":"#0"}}},{"from":[1,3,2],"to":[2,10,14],"faces":{"north":{"uv":[9.75,10,10,11.75],"texture":"#0"},"east":{"uv":[0,7.75,3,9.5],"texture":"#0"},"south":{"uv":[10,10,10.25,11.75],"texture":"#0"},"west":{"uv":[8.25,6.5,11.25,8.25],"texture":"#0"},"up":{"uv":[8.25,11.5,8,8.5],"texture":"#0"},"down":{"uv":[2,9.5,1.75,12.5],"texture":"#0"}}},{"from":[14,3,2],"to":[15,10,14],"rotation":{"angle":0,"axis":"y","origin":[16,0,0]},"faces":{"north":{"uv":[3,10.25,3.25,12],"texture":"#0"},"east":{"uv":[8.25,8.25,11.25,10],"texture":"#0"},"south":{"uv":[3.25,10.25,3.5,12],"texture":"#0"},"west":{"uv":[3,8.5,6,10.25],"texture":"#0"},"up":{"uv":[2.25,12.5,2,9.5],"texture":"#0"},"down":{"uv":[2.5,9.5,2.25,12.5],"texture":"#0"}}},{"from":[2,2,2],"to":[14,3.75,3],"rotation":{"angle":0,"axis":"y","origin":[16,0,0]},"faces":{"north":{"uv":[8.5,6,11.5,6.5],"texture":"#0"},"east":{"uv":[5.75,10.25,6,10.75],"texture":"#0"},"south":{"uv":[8.75,2,11.75,2.5],"texture":"#0"},"west":{"uv":[10.5,1.25,10.75,1.75],"texture":"#0"},"up":{"uv":[11.75,3.25,8.75,3],"texture":"#0"},"down":{"uv":[11.75,3.25,8.75,3.5],"texture":"#0"}}},{"from":[2,2,13],"to":[14,10,14],"rotation":{"angle":0,"axis":"y","origin":[16,0,16]},"faces":{"north":{"uv":[5.5,4.5,8.5,6.5],"texture":"#0"},"east":{"uv":[8.25,10,8.5,12],"texture":"#0"},"south":{"uv":[6,0,9,2],"texture":"#0"},"west":{"uv":[8.5,10,8.75,12],"texture":"#0"},"up":{"uv":[11.75,3.75,8.75,3.5],"texture":"#0"},"down":{"uv":[11.75,3.75,8.75,4],"texture":"#0"}}},{"from":[10.84657,16.19899,2],"to":[11.84657,20.22399,13.025],"rotation":{"angle":-22.5,"axis":"z","origin":[-3.15343,5.19899,0]},"faces":{"north":{"uv":[4,10.25,4.25,11.25],"texture":"#0"},"east":{"uv":[2.75,6.75,5.5,7.75],"texture":"#0"},"south":{"uv":[4.25,10.25,4.5,11.25],"texture":"#0"},"west":{"uv":[8.5,4,11.25,5],"texture":"#0"},"up":{"uv":[6.25,12.25,6,9.5],"texture":"#0"},"down":{"uv":[6.5,9.5,6.25,12.25],"texture":"#0"}}},{"from":[1.75,4.75,2.05],"to":[4.75,5.75,2.95],"rotation":{"angle":-22.5,"axis":"z","origin":[0,0,0]},"faces":{"north":{"uv":[4,8,4.75,8.25],"texture":"#0"},"east":{"uv":[5.25,8.25,5.5,8.5],"texture":"#0"},"south":{"uv":[4.75,8,5.5,8.25],"texture":"#0"},"west":{"uv":[10.75,5,11,5.25],"texture":"#0"},"up":{"uv":[3.75,8.5,3,8.25],"texture":"#0"},"down":{"uv":[4.5,8.25,3.75,8.5],"texture":"#0"}}},{"from":[9.5,0,2],"to":[10.5,2,2],"faces":{"north":{"uv":[4.5,10.5,4.75,11],"texture":"#0"},"east":{"uv":[0,0,0,0.5],"texture":"#0"},"south":{"uv":[4.75,10.5,5,11],"texture":"#0"},"west":{"uv":[0,0,0,0.5],"texture":"#0"},"up":{"uv":[0.25,0,0,0],"texture":"#0"},"down":{"uv":[0.25,0,0,0],"texture":"#0"}}},{"from":[5.5,0,2],"to":[6.5,2,2],"rotation":{"angle":0,"axis":"y","origin":[16,0,0]},"faces":{"north":{"uv":[5,10.5,5.25,11],"texture":"#0"},"east":{"uv":[0,0,0,0.5],"texture":"#0"},"south":{"uv":[10.5,5,10.75,5.5],"texture":"#0"},"west":{"uv":[0,0,0,0.5],"texture":"#0"},"up":{"uv":[0.25,0,0,0],"texture":"#0"},"down":{"uv":[0.25,0,0,0],"texture":"#0"}}},{"from":[6.5,-1,2],"to":[9.5,0,2],"rotation":{"angle":0,"axis":"y","origin":[16,0,0]},"faces":{"north":{"uv":[4.5,8.25,5.25,8.5],"texture":"#0"},"east":{"uv":[0,0,0,0.25],"texture":"#0"},"south":{"uv":[9.75,1.25,10.5,1.5],"texture":"#0"},"west":{"uv":[0,0,0,0.25],"texture":"#0"},"up":{"uv":[0.75,0,0,0],"texture":"#0"},"down":{"uv":[0.75,0,0,0],"texture":"#0"}}},{"from":[6.5,-1,14],"to":[9.5,0,14],"rotation":{"angle":0,"axis":"y","origin":[0,0,16]},"faces":{"north":{"uv":[9.75,1.5,10.5,1.75],"texture":"#0"},"east":{"uv":[0,0,0,0.25],"texture":"#0"},"south":{"uv":[4.5,10.25,5.25,10.5],"texture":"#0"},"west":{"uv":[0,0,0,0.25],"texture":"#0"},"up":{"uv":[0.75,0,0,0],"texture":"#0"},"down":{"uv":[0.75,0,0,0],"texture":"#0"}}},{"from":[5.5,0,14],"to":[6.5,2,14],"rotation":{"angle":0,"axis":"y","origin":[16,0,16]},"faces":{"north":{"uv":[10.5,5.5,10.75,6],"texture":"#0"},"east":{"uv":[0,0,0,0.5],"texture":"#0"},"south":{"uv":[10.25,10.5,10.5,11],"texture":"#0"},"west":{"uv":[0,0,0,0.5],"texture":"#0"},"up":{"uv":[0.25,0,0,0],"texture":"#0"},"down":{"uv":[0.25,0,0,0],"texture":"#0"}}},{"from":[9.5,0,14],"to":[10.5,2,14],"rotation":{"angle":0,"axis":"y","origin":[0,0,16]},"faces":{"north":{"uv":[10.5,10.5,10.75,11],"texture":"#0"},"east":{"uv":[0,0,0,0.5],"texture":"#0"},"south":{"uv":[10.75,1.25,11,1.75],"texture":"#0"},"west":{"uv":[0,0,0,0.5],"texture":"#0"},"up":{"uv":[0.25,0,0,0],"texture":"#0"},"down":{"uv":[0.25,0,0,0],"texture":"#0"}}}],"display":{"thirdperson_righthand":{"rotation":[-35,180,0],"translation":[0,-0.75,-5],"scale":[0.6,0.6,0.6]},"thirdperson_lefthand":{"rotation":[-35,180,0],"translation":[0,-0.75,-5],"scale":[0.6,0.6,0.6]},"firstperson_righthand":{"rotation":[-35,180,0],"translation":[2.5,2.25,-3.25],"scale":[0.6,0.6,0.6]},"firstperson_lefthand":{"rotation":[-35,180,0],"translation":[2.5,2.25,-3.25],"scale":[0.6,0.6,0.6]},"ground":{"translation":[0,4.25,0],"scale":[0.73,0.73,0.73]},"gui":{"rotation":[-13,-152,0],"translation":[0.5,-1,0],"scale":[0.77,0.77,0.77]},"head":{"translation":[0,3.25,0],"scale":[1.47,1.47,1.47]},"fixed":{"rotation":[-90,0,0],"translation":[0,-0.25,-5]}},"groups":[{"name":"brown_paper_bag","origin":[0,0,0],"color":0,"children":[0,1,2,3,4,5,6,7,8,9,10,11,12,13,14,15,16,17,18,19]}]}