{"credit":"Made with Blockbench","ambientocclusion":false,"texture_size":[64,64],"textures":{"0":"9zywu6k50:obf/e/r/z/9/r/o/j/p/q/s/.","particle":"9zywu6k50:obf/e/r/z/9/r/o/j/p/q/s/."},"elements":[{"from":[1,0,1],"to":[9,1,9],"faces":{"north":{"uv":[4.25,4.5,6.25,4.75],"texture":"#0"},"east":{"uv":[4.25,4.75,6.25,5],"texture":"#0"},"south":{"uv":[0,5,2,5.25],"texture":"#0"},"west":{"uv":[2,5,4,5.25],"texture":"#0"},"up":{"uv":[2,2,0,0],"texture":"#0"},"down":{"uv":[2,2,0,4],"texture":"#0"}}},{"from":[1,1,1],"to":[3,5,2],"faces":{"north":{"uv":[5,3,5.5,4],"texture":"#0"},"east":{"uv":[2.25,5.75,2.5,6.75],"texture":"#0"},"south":{"uv":[4,5,4.5,6],"texture":"#0"},"west":{"uv":[2.5,5.75,2.75,6.75],"texture":"#0"},"up":{"uv":[5.75,7,5.25,6.75],"texture":"#0"},"down":{"uv":[7.25,5.25,6.75,5.5],"texture":"#0"}}},{"from":[8,-2.5,6],"to":[12,-0.5,8],"rotation":{"angle":22.5,"axis":"z","origin":[0,0,0]},"faces":{"north":{"uv":[4.5,5,5.5,5.5],"texture":"#0"},"east":{"uv":[2.75,5.75,3.25,6.25],"texture":"#0"},"south":{"uv":[0,5.25,1,5.75],"texture":"#0"},"west":{"uv":[3.25,5.75,3.75,6.25],"texture":"#0"},"up":{"uv":[2,5.75,1,5.25],"texture":"#0"},"down":{"uv":[6.25,1,5.25,1.5],"texture":"#0"}}},{"from":[4,1,1.25],"to":[6,2,2.25],"faces":{"north":{"uv":[6.5,6.75,7,7],"texture":"#0"},"east":{"uv":[3.75,5.75,4,6],"texture":"#0"},"south":{"uv":[0,7,0.5,7.25],"texture":"#0"},"west":{"uv":[7.25,5.25,7.5,5.5],"texture":"#0"},"up":{"uv":[7.5,0.25,7,0],"texture":"#0"},"down":{"uv":[7.5,0.25,7,0.5],"texture":"#0"}}},{"from":[3,2,1.25],"to":[4,3,2.25],"faces":{"north":{"uv":[7.25,5.75,7.5,6],"texture":"#0"},"east":{"uv":[7.25,6.75,7.5,7],"texture":"#0"},"south":{"uv":[7,7.25,7.25,7.5],"texture":"#0"},"west":{"uv":[7.25,7,7.5,7.25],"texture":"#0"},"up":{"uv":[7.5,7.5,7.25,7.25],"texture":"#0"},"down":{"uv":[0.25,7.5,0,7.75],"texture":"#0"}}},{"from":[6,2,1.25],"to":[7,3,2.25],"faces":{"north":{"uv":[7.5,0,7.75,0.25],"texture":"#0"},"east":{"uv":[0.25,7.5,0.5,7.75],"texture":"#0"},"south":{"uv":[7.5,0.25,7.75,0.5],"texture":"#0"},"west":{"uv":[0.5,7.5,0.75,7.75],"texture":"#0"},"up":{"uv":[7.75,0.75,7.5,0.5],"texture":"#0"},"down":{"uv":[1,7.5,0.75,7.75],"texture":"#0"}}},{"from":[2,1,2],"to":[9,5,8],"faces":{"north":{"uv":[2,3,3.75,4],"texture":"#0"},"east":{"uv":[3.75,1,5.25,2],"texture":"#0"},"south":{"uv":[3.75,0,5.5,1],"texture":"#0"},"west":{"uv":[3.75,2,5.25,3],"texture":"#0"},"up":{"uv":[3.75,1.5,2,0],"texture":"#0"},"down":{"uv":[3.75,1.5,2,3],"texture":"#0"}}},{"from":[7,1,1],"to":[9,4,2],"faces":{"north":{"uv":[5.5,0,6,0.75],"texture":"#0"},"east":{"uv":[6,6.25,6.25,7],"texture":"#0"},"south":{"uv":[5.5,3,6,3.75],"texture":"#0"},"west":{"uv":[6.25,6.25,6.5,7],"texture":"#0"},"up":{"uv":[1,7.25,0.5,7],"texture":"#0"},"down":{"uv":[7.5,0.5,7,0.75],"texture":"#0"}}},{"from":[3,3,1],"to":[7,5,2],"faces":{"north":{"uv":[5.25,1.5,6.25,2],"texture":"#0"},"east":{"uv":[1,7,1.25,7.5],"texture":"#0"},"south":{"uv":[2,5.25,3,5.75],"texture":"#0"},"west":{"uv":[1.5,7,1.75,7.5],"texture":"#0"},"up":{"uv":[5.5,6,4.5,5.75],"texture":"#0"},"down":{"uv":[6.5,5.75,5.5,6],"texture":"#0"}}},{"from":[4,2,1],"to":[6,3,2],"faces":{"north":{"uv":[7,0.75,7.5,1],"texture":"#0"},"east":{"uv":[7.5,0.75,7.75,1],"texture":"#0"},"south":{"uv":[1.75,7,2.25,7.25],"texture":"#0"},"west":{"uv":[1,7.5,1.25,7.75],"texture":"#0"},"up":{"uv":[7.5,3.25,7,3],"texture":"#0"},"down":{"uv":[3.75,7,3.25,7.25],"texture":"#0"}}},{"from":[6,1,1],"to":[7,2,2],"faces":{"north":{"uv":[7.5,1,7.75,1.25],"texture":"#0"},"east":{"uv":[7.5,1.25,7.75,1.5],"texture":"#0"},"south":{"uv":[1.5,7.5,1.75,7.75],"texture":"#0"},"west":{"uv":[1.75,7.5,2,7.75],"texture":"#0"},"up":{"uv":[7.75,2,7.5,1.75],"texture":"#0"},"down":{"uv":[2.25,7.5,2,7.75],"texture":"#0"}}},{"from":[3,1,1],"to":[4,2,2],"faces":{"north":{"uv":[7.5,2,7.75,2.25],"texture":"#0"},"east":{"uv":[2.25,7.5,2.5,7.75],"texture":"#0"},"south":{"uv":[7.5,2.25,7.75,2.5],"texture":"#0"},"west":{"uv":[2.5,7.5,2.75,7.75],"texture":"#0"},"up":{"uv":[7.75,2.75,7.5,2.5],"texture":"#0"},"down":{"uv":[7.75,3,7.5,3.25],"texture":"#0"}}},{"from":[3,0.25,0.25],"to":[7,0.75,1],"faces":{"north":{"uv":[6,0,7,0.25],"texture":"#0"},"east":{"uv":[7.5,3.25,7.75,3.5],"texture":"#0"},"south":{"uv":[6,0.25,7,0.5],"texture":"#0"},"west":{"uv":[7.5,3.5,7.75,3.75],"texture":"#0"},"up":{"uv":[1.5,6.25,0.5,6],"texture":"#0"},"down":{"uv":[7,0.5,6,0.75],"texture":"#0"}}},{"from":[0,0,0],"to":[3,1,1],"faces":{"north":{"uv":[0.5,6.5,1.25,6.75],"texture":"#0"},"east":{"uv":[3.75,7.5,4,7.75],"texture":"#0"},"south":{"uv":[3.25,6.5,4,6.75],"texture":"#0"},"west":{"uv":[7.5,3.75,7.75,4],"texture":"#0"},"up":{"uv":[5.75,6.75,5,6.5],"texture":"#0"},"down":{"uv":[7.25,5.75,6.5,6],"texture":"#0"}}},{"from":[7,0,0],"to":[10,1,1],"faces":{"north":{"uv":[6.5,6.25,7.25,6.5],"texture":"#0"},"east":{"uv":[4,7.5,4.25,7.75],"texture":"#0"},"south":{"uv":[6.5,6.5,7.25,6.75],"texture":"#0"},"west":{"uv":[7.5,4,7.75,4.25],"texture":"#0"},"up":{"uv":[1.25,7,0.5,6.75],"texture":"#0"},"down":{"uv":[4,6.75,3.25,7],"texture":"#0"}}},{"from":[3,0,0],"to":[7,1,0.25],"faces":{"north":{"uv":[6,3,7,3.25],"texture":"#0"},"east":{"uv":[4.25,7.5,4.5,7.75],"texture":"#0"},"south":{"uv":[6,3.25,7,3.5],"texture":"#0"},"west":{"uv":[7.5,4.25,7.75,4.5],"texture":"#0"},"up":{"uv":[7,3.75,6,3.5],"texture":"#0"},"down":{"uv":[4.75,6,3.75,6.25],"texture":"#0"}}},{"from":[1,1,2],"to":[2,5,7.05],"faces":{"north":{"uv":[1.5,6,1.75,7],"texture":"#0"},"east":{"uv":[3.75,3,5,4],"texture":"#0"},"south":{"uv":[4.75,6,5,7],"texture":"#0"},"west":{"uv":[0,4,1.25,5],"texture":"#0"},"up":{"uv":[0.25,7,0,5.75],"texture":"#0"},"down":{"uv":[0.5,5.75,0.25,7],"texture":"#0"}}},{"from":[1.25,4,7],"to":[2,4.75,8],"faces":{"north":{"uv":[4.75,7.5,5,7.75],"texture":"#0"},"east":{"uv":[5,7.5,5.25,7.75],"texture":"#0"},"south":{"uv":[7.5,5,7.75,5.25],"texture":"#0"},"west":{"uv":[5.25,7.5,5.5,7.75],"texture":"#0"},"up":{"uv":[7.75,5.5,7.5,5.25],"texture":"#0"},"down":{"uv":[5.75,7.5,5.5,7.75],"texture":"#0"}}},{"from":[1,1,7],"to":[2,4,8],"faces":{"north":{"uv":[1.25,6.5,1.5,7.25],"texture":"#0"},"east":{"uv":[4,6.5,4.25,7.25],"texture":"#0"},"south":{"uv":[5.75,6.5,6,7.25],"texture":"#0"},"west":{"uv":[2.25,6.75,2.5,7.5],"texture":"#0"},"up":{"uv":[7.75,5.75,7.5,5.5],"texture":"#0"},"down":{"uv":[7.75,5.75,7.5,6],"texture":"#0"}}},{"from":[1.25,3,8],"to":[2,4.75,8.75],"faces":{"north":{"uv":[7,3.25,7.25,3.75],"texture":"#0"},"east":{"uv":[3.75,7,4,7.5],"texture":"#0"},"south":{"uv":[4.75,7,5,7.5],"texture":"#0"},"west":{"uv":[5.25,7,5.5,7.5],"texture":"#0"},"up":{"uv":[6.25,7.75,6,7.5],"texture":"#0"},"down":{"uv":[7.75,6,7.5,6.25],"texture":"#0"}}},{"from":[2,4,8],"to":[3,4.75,8.75],"faces":{"north":{"uv":[6.25,7.5,6.5,7.75],"texture":"#0"},"east":{"uv":[7.5,6.25,7.75,6.5],"texture":"#0"},"south":{"uv":[6.5,7.5,6.75,7.75],"texture":"#0"},"west":{"uv":[7.5,6.5,7.75,6.75],"texture":"#0"},"up":{"uv":[7,7.75,6.75,7.5],"texture":"#0"},"down":{"uv":[7.75,6.75,7.5,7],"texture":"#0"}}},{"from":[1,1,8],"to":[9,3,9],"faces":{"north":{"uv":[1.25,4,3.25,4.5],"texture":"#0"},"east":{"uv":[5.5,7,5.75,7.5],"texture":"#0"},"south":{"uv":[3.25,4,5.25,4.5],"texture":"#0"},"west":{"uv":[6,7,6.25,7.5],"texture":"#0"},"up":{"uv":[7.25,2.25,5.25,2],"texture":"#0"},"down":{"uv":[7.25,2.25,5.25,2.5],"texture":"#0"}}},{"from":[3,3,8],"to":[9,5,9],"faces":{"north":{"uv":[1.25,4.5,2.75,5],"texture":"#0"},"east":{"uv":[6.25,7,6.5,7.5],"texture":"#0"},"south":{"uv":[2.75,4.5,4.25,5],"texture":"#0"},"west":{"uv":[6.5,7,6.75,7.5],"texture":"#0"},"up":{"uv":[6.75,4.25,5.25,4],"texture":"#0"},"down":{"uv":[6.75,4.25,5.25,4.5],"texture":"#0"}}},{"from":[2,3,8],"to":[3,4,9],"faces":{"north":{"uv":[7,7.5,7.25,7.75],"texture":"#0"},"east":{"uv":[7.5,7,7.75,7.25],"texture":"#0"},"south":{"uv":[7.25,7.5,7.5,7.75],"texture":"#0"},"west":{"uv":[7.5,7.25,7.75,7.5],"texture":"#0"},"up":{"uv":[7.75,7.75,7.5,7.5],"texture":"#0"},"down":{"uv":[0.25,7.75,0,8],"texture":"#0"}}},{"from":[-1.75,-4.8,5],"to":[2.25,-3.8,6],"rotation":{"angle":-22.5,"axis":"z","origin":[16,0,0]},"faces":{"north":{"uv":[6,6,7,6.25],"texture":"#0"},"east":{"uv":[7.75,0.75,8,1],"texture":"#0"},"south":{"uv":[0.5,6.25,1.5,6.5],"texture":"#0"},"west":{"uv":[1,7.75,1.25,8],"texture":"#0"},"up":{"uv":[7.25,1.25,6.25,1],"texture":"#0"},"down":{"uv":[7.25,1.25,6.25,1.5],"texture":"#0"}}},{"from":[-1.75,-3.8,5],"to":[-0.75,-2.8,6],"rotation":{"angle":-22.5,"axis":"z","origin":[16,0,0]},"faces":{"north":{"uv":[7.75,1,8,1.25],"texture":"#0"},"east":{"uv":[1.25,7.75,1.5,8],"texture":"#0"},"south":{"uv":[7.75,1.25,8,1.5],"texture":"#0"},"west":{"uv":[1.5,7.75,1.75,8],"texture":"#0"},"up":{"uv":[8,1.75,7.75,1.5],"texture":"#0"},"down":{"uv":[2,7.75,1.75,8],"texture":"#0"}}},{"from":[-1.75,-4.8,6],"to":[2.25,-2.8,7],"rotation":{"angle":-22.5,"axis":"z","origin":[16,0,0]},"faces":{"north":{"uv":[5.25,2.5,6.25,3],"texture":"#0"},"east":{"uv":[6.75,7,7,7.5],"texture":"#0"},"south":{"uv":[3,5.25,4,5.75],"texture":"#0"},"west":{"uv":[7,6.75,7.25,7.25],"texture":"#0"},"up":{"uv":[6,6.25,5,6],"texture":"#0"},"down":{"uv":[7,5.5,6,5.75],"texture":"#0"}}},{"from":[-0.75,-3.8,5.25],"to":[0.25,-3.05,6],"rotation":{"angle":-22.5,"axis":"z","origin":[16,0,0]},"faces":{"north":{"uv":[7.75,0,8,0.25],"texture":"#0"},"east":{"uv":[0.25,7.75,0.5,8],"texture":"#0"},"south":{"uv":[7.75,0.25,8,0.5],"texture":"#0"},"west":{"uv":[0.5,7.75,0.75,8],"texture":"#0"},"up":{"uv":[8,0.75,7.75,0.5],"texture":"#0"},"down":{"uv":[1,7.75,0.75,8],"texture":"#0"}}},{"from":[0.25,-3.8,5],"to":[1.5,-2.8,6],"rotation":{"angle":-22.5,"axis":"z","origin":[16,0,0]},"faces":{"north":{"uv":[7.75,1.75,8,2],"texture":"#0"},"east":{"uv":[2,7.75,2.25,8],"texture":"#0"},"south":{"uv":[7.75,2,8,2.25],"texture":"#0"},"west":{"uv":[2.25,7.75,2.5,8],"texture":"#0"},"up":{"uv":[8,2.5,7.75,2.25],"texture":"#0"},"down":{"uv":[2.75,7.75,2.5,8],"texture":"#0"}}},{"from":[3,0,9],"to":[9,1,10],"faces":{"north":{"uv":[5.5,0.75,7,1],"texture":"#0"},"east":{"uv":[7.75,2.5,8,2.75],"texture":"#0"},"south":{"uv":[5.5,3.75,7,4],"texture":"#0"},"west":{"uv":[2.75,7.75,3,8],"texture":"#0"},"up":{"uv":[6,5.75,4.5,5.5],"texture":"#0"},"down":{"uv":[7,5,5.5,5.25],"texture":"#0"}}},{"from":[9,0.25,9],"to":[9.75,0.75,9.75],"faces":{"north":{"uv":[7.75,2.75,8,3],"texture":"#0"},"east":{"uv":[3,7.75,3.25,8],"texture":"#0"},"south":{"uv":[7.75,3,8,3.25],"texture":"#0"},"west":{"uv":[3.25,7.75,3.5,8],"texture":"#0"},"up":{"uv":[8,3.5,7.75,3.25],"texture":"#0"},"down":{"uv":[3.75,7.75,3.5,8],"texture":"#0"}}},{"from":[0,0,9],"to":[2,1,10],"faces":{"north":{"uv":[7,3.75,7.5,4],"texture":"#0"},"east":{"uv":[7.75,3.5,8,3.75],"texture":"#0"},"south":{"uv":[7,5,7.5,5.25],"texture":"#0"},"west":{"uv":[3.75,7.75,4,8],"texture":"#0"},"up":{"uv":[7.5,5.75,7,5.5],"texture":"#0"},"down":{"uv":[7.5,6,7,6.25],"texture":"#0"}}},{"from":[2,0.25,9],"to":[3,0.75,9.75],"faces":{"north":{"uv":[7.75,3.75,8,4],"texture":"#0"},"east":{"uv":[4,7.75,4.25,8],"texture":"#0"},"south":{"uv":[7.75,4,8,4.25],"texture":"#0"},"west":{"uv":[4.25,7.75,4.5,8],"texture":"#0"},"up":{"uv":[8,4.5,7.75,4.25],"texture":"#0"},"down":{"uv":[4.75,7.75,4.5,8],"texture":"#0"}}},{"from":[0,0,4],"to":[1,1,9],"faces":{"north":{"uv":[7.75,4.5,8,4.75],"texture":"#0"},"east":{"uv":[5.5,5.25,6.75,5.5],"texture":"#0"},"south":{"uv":[4.75,7.75,5,8],"texture":"#0"},"west":{"uv":[0.5,5.75,1.75,6],"texture":"#0"},"up":{"uv":[2,7,1.75,5.75],"texture":"#0"},"down":{"uv":[2.25,5.75,2,7],"texture":"#0"}}},{"from":[0.25,0.25,3],"to":[1,0.75,4],"faces":{"north":{"uv":[7.75,4.75,8,5],"texture":"#0"},"east":{"uv":[5,7.75,5.25,8],"texture":"#0"},"south":{"uv":[7.75,5,8,5.25],"texture":"#0"},"west":{"uv":[5.25,7.75,5.5,8],"texture":"#0"},"up":{"uv":[8,5.5,7.75,5.25],"texture":"#0"},"down":{"uv":[5.75,7.75,5.5,8],"texture":"#0"}}},{"from":[0,0,1],"to":[1,1,3],"faces":{"north":{"uv":[7.75,5.5,8,5.75],"texture":"#0"},"east":{"uv":[0,7.25,0.5,7.5],"texture":"#0"},"south":{"uv":[5.75,7.75,6,8],"texture":"#0"},"west":{"uv":[0.5,7.25,1,7.5],"texture":"#0"},"up":{"uv":[7.5,1.5,7.25,1],"texture":"#0"},"down":{"uv":[1.5,7.25,1.25,7.75],"texture":"#0"}}},{"from":[9,0,5],"to":[10,1,9],"faces":{"north":{"uv":[7.75,5.75,8,6],"texture":"#0"},"east":{"uv":[6.25,1.5,7.25,1.75],"texture":"#0"},"south":{"uv":[6,7.75,6.25,8],"texture":"#0"},"west":{"uv":[6.25,1.75,7.25,2],"texture":"#0"},"up":{"uv":[3,7.25,2.75,6.25],"texture":"#0"},"down":{"uv":[3.25,6.25,3,7.25],"texture":"#0"}}},{"from":[9,0.25,4],"to":[9.75,0.75,5],"faces":{"north":{"uv":[7.75,6,8,6.25],"texture":"#0"},"east":{"uv":[6.25,7.75,6.5,8],"texture":"#0"},"south":{"uv":[7.75,6.25,8,6.5],"texture":"#0"},"west":{"uv":[6.5,7.75,6.75,8],"texture":"#0"},"up":{"uv":[8,6.75,7.75,6.5],"texture":"#0"},"down":{"uv":[7,7.75,6.75,8],"texture":"#0"}}},{"from":[9,0,1],"to":[10,1,4],"faces":{"north":{"uv":[7.75,6.75,8,7],"texture":"#0"},"east":{"uv":[6.75,4,7.5,4.25],"texture":"#0"},"south":{"uv":[7,7.75,7.25,8],"texture":"#0"},"west":{"uv":[6.75,4.25,7.5,4.5],"texture":"#0"},"up":{"uv":[2.75,7.5,2.5,6.75],"texture":"#0"},"down":{"uv":[5.25,6.75,5,7.5],"texture":"#0"}}},{"from":[3,0,0.25],"to":[7,0.25,1],"faces":{"north":{"uv":[6.25,2.5,7.25,2.75],"texture":"#0"},"east":{"uv":[7.75,7,8,7.25],"texture":"#0"},"south":{"uv":[6.25,2.75,7.25,3],"texture":"#0"},"west":{"uv":[7.25,7.75,7.5,8],"texture":"#0"},"up":{"uv":[4.25,6.5,3.25,6.25],"texture":"#0"},"down":{"uv":[7.25,4.5,6.25,4.75],"texture":"#0"}}},{"from":[7,4,1],"to":[8,5,2],"faces":{"north":{"uv":[7.75,7.25,8,7.5],"texture":"#0"},"east":{"uv":[7.5,7.75,7.75,8],"texture":"#0"},"south":{"uv":[7.75,7.5,8,7.75],"texture":"#0"},"west":{"uv":[7.75,7.75,8,8],"texture":"#0"},"up":{"uv":[0.25,8.25,0,8],"texture":"#0"},"down":{"uv":[8.25,0,8,0.25],"texture":"#0"}}},{"from":[8,4,1.25],"to":[8.75,4.75,2.25],"faces":{"north":{"uv":[0.25,8,0.5,8.25],"texture":"#0"},"east":{"uv":[8,0.25,8.25,0.5],"texture":"#0"},"south":{"uv":[0.5,8,0.75,8.25],"texture":"#0"},"west":{"uv":[8,0.5,8.25,0.75],"texture":"#0"},"up":{"uv":[1,8.25,0.75,8],"texture":"#0"},"down":{"uv":[8.25,0.75,8,1],"texture":"#0"}}},{"from":[10.75,-2,5],"to":[11.75,-1,9],"rotation":{"angle":22.5,"axis":"z","origin":[0,0,0]},"faces":{"north":{"uv":[1,8,1.25,8.25],"texture":"#0"},"east":{"uv":[6.25,4.75,7.25,5],"texture":"#0"},"south":{"uv":[8,1,8.25,1.25],"texture":"#0"},"west":{"uv":[5,6.25,6,6.5],"texture":"#0"},"up":{"uv":[4.5,7.25,4.25,6.25],"texture":"#0"},"down":{"uv":[4.75,6.25,4.5,7.25],"texture":"#0"}}},{"from":[10.75,-4,2],"to":[11.75,-3,4],"rotation":{"angle":22.5,"axis":"z","origin":[0,0,0]},"faces":{"north":{"uv":[1.25,8,1.5,8.25],"texture":"#0"},"east":{"uv":[7.25,1.5,7.75,1.75],"texture":"#0"},"south":{"uv":[8,1.25,8.25,1.5],"texture":"#0"},"west":{"uv":[1.75,7.25,2.25,7.5],"texture":"#0"},"up":{"uv":[7.5,2.25,7.25,1.75],"texture":"#0"},"down":{"uv":[7.5,2.25,7.25,2.75],"texture":"#0"}}},{"from":[10.75,-3,4],"to":[11.75,-2,5],"rotation":{"angle":22.5,"axis":"z","origin":[0,0,0]},"faces":{"north":{"uv":[1.5,8,1.75,8.25],"texture":"#0"},"east":{"uv":[8,1.5,8.25,1.75],"texture":"#0"},"south":{"uv":[1.75,8,2,8.25],"texture":"#0"},"west":{"uv":[8,1.75,8.25,2],"texture":"#0"},"up":{"uv":[2.25,8.25,2,8],"texture":"#0"},"down":{"uv":[8.25,2,8,2.25],"texture":"#0"}}},{"from":[10.75,-2,4],"to":[11.75,0,5],"rotation":{"angle":22.5,"axis":"z","origin":[0,0,0]},"faces":{"north":{"uv":[2.75,7.25,3,7.75],"texture":"#0"},"east":{"uv":[3,7.25,3.25,7.75],"texture":"#0"},"south":{"uv":[3.25,7.25,3.5,7.75],"texture":"#0"},"west":{"uv":[7.25,3.25,7.5,3.75],"texture":"#0"},"up":{"uv":[2.5,8.25,2.25,8],"texture":"#0"},"down":{"uv":[8.25,2.25,8,2.5],"texture":"#0"}}},{"from":[10.75,-2,2],"to":[11.75,-1,4],"rotation":{"angle":22.5,"axis":"z","origin":[0,0,0]},"faces":{"north":{"uv":[2.5,8,2.75,8.25],"texture":"#0"},"east":{"uv":[7.25,2.75,7.75,3],"texture":"#0"},"south":{"uv":[8,2.5,8.25,2.75],"texture":"#0"},"west":{"uv":[4,7.25,4.5,7.5],"texture":"#0"},"up":{"uv":[3.75,7.75,3.5,7.25],"texture":"#0"},"down":{"uv":[4.75,7.25,4.5,7.75],"texture":"#0"}}},{"from":[10.75,0,2],"to":[11.75,1,4],"rotation":{"angle":22.5,"axis":"z","origin":[0,0,0]},"faces":{"north":{"uv":[2.75,8,3,8.25],"texture":"#0"},"east":{"uv":[7.25,4.5,7.75,4.75],"texture":"#0"},"south":{"uv":[8,2.75,8.25,3],"texture":"#0"},"west":{"uv":[7.25,4.75,7.75,5],"texture":"#0"},"up":{"uv":[6,7.75,5.75,7.25],"texture":"#0"},"down":{"uv":[7.5,6.25,7.25,6.75],"texture":"#0"}}}],"display":{"thirdperson_righthand":{"translation":[3,5.5,-1.25]},"thirdperson_lefthand":{"translation":[-3,5.5,-1.25]},"firstperson_righthand":{"rotation":[-169.75,3.75,180],"translation":[-1.5,8.75,-5]},"firstperson_lefthand":{"rotation":[-169.75,3.75,180],"translation":[3.25,8.75,-5]},"ground":{"translation":[0,6.75,0],"scale":[1.13,1.13,1.13]},"gui":{"rotation":[-150.63,-12.73,-166.94],"translation":[-2.5,9.5,0],"scale":[1.43,1.43,1.43]},"head":{"translation":[5.75,15.75,5.75],"scale":[1.96,1.96,1.96]},"fixed":{"rotation":[-90,0,0],"translation":[5.75,6.25,-14],"scale":[2.01,2.01,2.01]}},"groups":[{"name":"drowned_hat","origin":[8,8,8],"color":0,"nbt":"{}","children":[{"name":"hat","origin":[0,0,0],"color":0,"nbt":"{}","children":[0,1,{"name":"right_ear","origin":[0,0,0],"color":0,"nbt":"{}","children":[2]},3,4,5,6,7,8,9,10,11,12,13,14,15,16,17,18,19,20,21,22,23,{"name":"left_ear","origin":[16,0,0],"color":0,"nbt":"{}","children":[24,25,26,27,28]},29,30,31,32,33,34,35,36,37,38,39,40,41]},{"name":"trident","origin":[0,0,0],"color":0,"nbt":"{}","children":[42,43,44,45,46,47]}]}]}