{"credit":"Made with Blockbench","ambientocclusion":false,"texture_size":[64,64],"textures":{"0":"jiblq9ax5:obf/k/o/h/b/x/w/z/g/2/c/.","particle":"jiblq9ax5:obf/k/o/h/b/x/w/z/g/2/c/."},"elements":[{"from":[6.5,1,0],"to":[10.5,7,2],"faces":{"north":{"uv":[9.75,6.25,10.75,7.75],"texture":"#0"},"east":{"uv":[6.5,9.25,7,10.75],"texture":"#0"},"south":{"uv":[0,10.25,1,11.75],"texture":"#0"},"west":{"uv":[1,10.25,1.5,11.75],"texture":"#0"},"up":{"uv":[2.75,9.25,1.75,8.75],"texture":"#0"},"down":{"uv":[11.75,2.5,10.75,3],"texture":"#0"}}},{"from":[6.525,-1.825,0],"to":[10.475,1,2],"rotation":{"angle":-45,"axis":"x","origin":[0,1,0]},"faces":{"north":{"uv":[7,10.25,8,11],"texture":"#0"},"east":{"uv":[7,3.5,7.5,4.25],"texture":"#0"},"south":{"uv":[8,10.25,9,11],"texture":"#0"},"west":{"uv":[10.75,6.75,11.25,7.5],"texture":"#0"},"up":{"uv":[6.5,11.25,5.5,10.75],"texture":"#0"},"down":{"uv":[11.75,6.25,10.75,6.75],"texture":"#0"}}},{"from":[6.5,7,-1],"to":[10.5,11,2],"faces":{"north":{"uv":[2.75,7,3.75,8],"texture":"#0"},"east":{"uv":[9,10.25,9.75,11.25],"texture":"#0"},"south":{"uv":[3.75,7,4.75,8],"texture":"#0"},"west":{"uv":[9.75,10.25,10.5,11.25],"texture":"#0"},"up":{"uv":[11.5,11,10.5,10.25],"texture":"#0"},"down":{"uv":[2.5,10.75,1.5,11.5],"texture":"#0"}}},{"from":[7.5,6,-2],"to":[9.5,9,-1],"faces":{"north":{"uv":[10.75,8.75,11.25,9.5],"texture":"#0"},"east":{"uv":[7.25,8,7.5,8.75],"texture":"#0"},"south":{"uv":[10.75,9.5,11.25,10.25],"texture":"#0"},"west":{"uv":[7,9.25,7.25,10],"texture":"#0"},"up":{"uv":[7.5,4.5,7,4.25],"texture":"#0"},"down":{"uv":[9.75,3.25,9.25,3.5],"texture":"#0"}}},{"from":[3,-1,2],"to":[14,6,3],"faces":{"north":{"uv":[4.75,4.5,7.5,6.25],"texture":"#0"},"east":{"uv":[6.5,10.75,6.75,12.5],"texture":"#0"},"south":{"uv":[4.75,6.25,7.5,8],"texture":"#0"},"west":{"uv":[6.75,10.75,7,12.5],"texture":"#0"},"up":{"uv":[12.5,1.75,9.75,1.5],"texture":"#0"},"down":{"uv":[13.5,1.75,10.75,2],"texture":"#0"}}},{"from":[3,-1,12],"to":[14,6,13],"faces":{"north":{"uv":[0,7,2.75,8.75],"texture":"#0"},"east":{"uv":[7,11,7.25,12.75],"texture":"#0"},"south":{"uv":[7,0,9.75,1.75],"texture":"#0"},"west":{"uv":[7.25,11,7.5,12.75],"texture":"#0"},"up":{"uv":[13.5,2.25,10.75,2],"texture":"#0"},"down":{"uv":[13.5,2.25,10.75,2.5],"texture":"#0"}}},{"from":[4,0,13],"to":[13,5,15],"faces":{"north":{"uv":[2.75,8,5,9.25],"texture":"#0"},"east":{"uv":[2.5,10.75,3,12],"texture":"#0"},"south":{"uv":[5,8,7.25,9.25],"texture":"#0"},"west":{"uv":[3,10.75,3.5,12],"texture":"#0"},"up":{"uv":[12,8.25,9.75,7.75],"texture":"#0"},"down":{"uv":[12,8.25,9.75,8.75],"texture":"#0"}}},{"from":[-1,1,14],"to":[18,15,14],"faces":{"north":{"uv":[0,0,4.75,3.5],"texture":"#0"},"east":{"uv":[0,0,0,3.5],"texture":"#0"},"south":{"uv":[0,3.5,4.75,7],"texture":"#0"},"west":{"uv":[0,0,0,3.5],"texture":"#0"},"up":{"uv":[4.75,0,0,0],"texture":"#0"},"down":{"uv":[4.75,0,0,0],"texture":"#0"}}},{"from":[13,-1,3],"to":[14,6,12],"faces":{"north":{"uv":[7.5,11,7.75,12.75],"texture":"#0"},"east":{"uv":[7,1.75,9.25,3.5],"texture":"#0"},"south":{"uv":[7.75,11,8,12.75],"texture":"#0"},"west":{"uv":[7.5,3.5,9.75,5.25],"texture":"#0"},"up":{"uv":[4.75,13,4.5,10.75],"texture":"#0"},"down":{"uv":[5,10.75,4.75,13],"texture":"#0"}}},{"from":[4,5,3],"to":[13,8,12],"faces":{"north":{"uv":[9.75,3.25,12,4],"texture":"#0"},"east":{"uv":[9.75,4,12,4.75],"texture":"#0"},"south":{"uv":[9.75,4.75,12,5.5],"texture":"#0"},"west":{"uv":[9.75,5.5,12,6.25],"texture":"#0"},"up":{"uv":[7,2.25,4.75,0],"texture":"#0"},"down":{"uv":[7,2.25,4.75,4.5],"texture":"#0"}}},{"from":[3,-1,3],"to":[4,6,12],"faces":{"north":{"uv":[8,11,8.25,12.75],"texture":"#0"},"east":{"uv":[7.5,5.25,9.75,7],"texture":"#0"},"south":{"uv":[8.25,11,8.5,12.75],"texture":"#0"},"west":{"uv":[7.5,7,9.75,8.75],"texture":"#0"},"up":{"uv":[5.25,13,5,10.75],"texture":"#0"},"down":{"uv":[5.5,10.75,5.25,13],"texture":"#0"}}},{"from":[2,-1.05,4.25],"to":[3,4.95,11.25],"rotation":{"angle":22.5,"axis":"x","origin":[2.5,2.5,7.5]},"faces":{"north":{"uv":[11,11,11.25,12.5],"texture":"#0"},"east":{"uv":[0,8.75,1.75,10.25],"texture":"#0"},"south":{"uv":[11.25,0,11.5,1.5],"texture":"#0"},"west":{"uv":[7.25,8.75,9,10.25],"texture":"#0"},"up":{"uv":[8.75,12.75,8.5,11],"texture":"#0"},"down":{"uv":[9,11,8.75,12.75],"texture":"#0"}}},{"from":[14,-1.05,4.25],"to":[15,4.95,11.25],"rotation":{"angle":22.5,"axis":"x","origin":[13.5,2.5,7.5]},"faces":{"north":{"uv":[11.25,11,11,12.5],"texture":"#0"},"east":{"uv":[9,8.75,7.25,10.25],"texture":"#0"},"south":{"uv":[11.5,0,11.25,1.5],"texture":"#0"},"west":{"uv":[1.75,8.75,0,10.25],"texture":"#0"},"up":{"uv":[8.5,12.75,8.75,11],"texture":"#0"},"down":{"uv":[8.75,11,9,12.75],"texture":"#0"}}},{"from":[14.5,-4.71622,7.98349],"to":[14.5,1.28378,13.98349],"rotation":{"angle":-45,"axis":"x","origin":[14.5,-1.71622,9.73349]},"faces":{"north":{"uv":[0,0,0,1.5],"texture":"#0"},"east":{"uv":[14.5,3.25,16,4.75],"texture":"#0"},"south":{"uv":[0,0,0,1.5],"texture":"#0"},"west":{"uv":[14.5,8.25,16,9.75],"texture":"#0"},"up":{"uv":[0,1.5,0,0],"texture":"#0"},"down":{"uv":[0,0,0,1.5],"texture":"#0"}}},{"from":[2.5,-4.71622,7.98349],"to":[2.5,1.28378,13.98349],"rotation":{"angle":-45,"axis":"x","origin":[14.5,-1.71622,9.73349]},"faces":{"north":{"uv":[0,0,0,1.5],"texture":"#0"},"east":{"uv":[14.5,5.5,16,7],"texture":"#0"},"south":{"uv":[0,0,0,1.5],"texture":"#0"},"west":{"uv":[14.5,0.75,16,2.25],"texture":"#0"},"up":{"uv":[0,1.5,0,0],"texture":"#0"},"down":{"uv":[0,0,0,1.5],"texture":"#0"}}},{"from":[8.5,-2,-3],"to":[8.5,3,-1],"rotation":{"angle":45,"axis":"x","origin":[0,0,0]},"faces":{"north":{"uv":[0,0,0,1.25],"texture":"#0"},"east":{"uv":[2.5,13.5,3,14.75],"texture":"#0"},"south":{"uv":[0,0,0,1.25],"texture":"#0"},"west":{"uv":[3.25,13.5,3.75,14.75],"texture":"#0"},"up":{"uv":[0,0.5,0,0],"texture":"#0"},"down":{"uv":[0,0,0,0.5],"texture":"#0"}}}],"display":{"thirdperson_righthand":{"rotation":[-22.25,0,0],"translation":[-0.5,8,0]},"thirdperson_lefthand":{"rotation":[-22.25,0,0],"translation":[-0.5,8,0]},"firstperson_righthand":{"rotation":[169.04,35.28,179.41],"translation":[-1.25,4.5,1.5],"scale":[0.53,0.53,0.53]},"firstperson_lefthand":{"rotation":[169.04,35.28,179.41],"translation":[-1.25,4.5,1.5],"scale":[0.53,0.53,0.53]},"ground":{"translation":[0,11.25,0]},"gui":{"rotation":[27,156,0],"translation":[-0.5,0,0],"scale":[0.85,0.85,0.85]},"head":{"translation":[-0.75,14.25,0],"scale":[1.49,1.49,1.49]},"fixed":{"rotation":[-90,0,0],"translation":[-1,-1,-17.25],"scale":[2.37,2.37,2.37]}},"groups":[{"name":"turkey","origin":[0,0,0],"color":0,"nbt":"{}","children":[0,1,2,3,4,5,6,7,8,9,10,11,12,13,14,15]}]}