{"providers":[{"file":"hz0b9qrvr:misc/y/v/z/5/l/x/x/b/u/u/..png","chars":["뀁"],"height":15,"ascent":11,"type":"bitmap"},{"file":"ol6cudrho:misc/c/l/g/m/n/b/g/e/w/m/..png","chars":["뀂"],"height":8,"ascent":8,"type":"bitmap"},{"file":"olje3wxzv:misc/z/k/y/y/8/9/u/g/4/9/..png","chars":["뀃"],"height":8,"ascent":8,"type":"bitmap"},{"file":"2y4dpobve:misc/w/3/8/w/y/c/t/x/v/f/..png","chars":["뀄"],"height":8,"ascent":8,"type":"bitmap"},{"file":"hz0b9qrvr:misc/8/2/t/j/7/p/f/n/p/1/..png","chars":["뀅"],"height":8,"ascent":8,"type":"bitmap"},{"file":"bwv29t4ps:misc/o/u/h/c/k/x/j/0/p/7/..png","chars":["뀆"],"height":8,"ascent":8,"type":"bitmap"},{"file":"nilnm8of3:misc/n/7/o/o/9/l/z/z/n/7/..png","chars":["뀇"],"height":8,"ascent":8,"type":"bitmap"},{"file":"bwv29t4ps:misc/n/e/h/t/6/3/z/o/q/3/..png","chars":["뀈"],"height":8,"ascent":8,"type":"bitmap"},{"file":"1c9kcumqy:misc/a/y/n/3/q/l/2/9/t/f/..png","chars":["뀉"],"height":8,"ascent":8,"type":"bitmap"},{"file":"ol6cudrho:misc/6/h/u/y/u/6/c/c/5/q/..png","chars":["뀊"],"height":8,"ascent":8,"type":"bitmap"},{"file":"do5s8y591:misc/m/d/p/m/x/d/w/v/s/g/..png","chars":["뀋"],"height":8,"ascent":8,"type":"bitmap"},{"file":"hz0b9qrvr:misc/7/x/y/k/x/8/l/v/5/j/..png","chars":["뀌"],"height":8,"ascent":7,"type":"bitmap"},{"file":"bwv29t4ps:misc/r/3/x/6/0/4/x/r/b/k/..png","chars":["뀍"],"height":5,"ascent":4,"type":"bitmap"},{"file":"z6v0cqjz5:misc/m/7/d/l/o/r/p/r/t/i/..png","chars":["뀎"],"height":5,"ascent":5,"type":"bitmap"},{"file":"z6v0cqjz5:misc/m/7/d/l/o/r/p/r/t/i/..png","chars":["뀏"],"height":5,"ascent":4,"type":"bitmap"},{"file":"z6v0cqjz5:misc/m/7/d/l/o/r/p/r/t/i/..png","chars":["뀐"],"height":5,"ascent":3,"type":"bitmap"},{"file":"loqjmreiy:misc/3/z/1/s/s/t/f/r/y/7/..png","chars":["뀑"],"height":20,"ascent":12,"type":"bitmap"},{"file":"olje3wxzv:misc/a/z/9/9/p/a/d/e/3/i/..png","chars":["뀒"],"height":6,"ascent":6,"type":"bitmap"},{"file":"bwv29t4ps:misc/k/g/s/j/t/x/x/h/1/p/..png","chars":["뀓"],"height":6,"ascent":6,"type":"bitmap"},{"file":"7h6wdomfg:misc/i/z/f/5/n/x/h/4/o/9/..png","chars":["뀔"],"height":6,"ascent":6,"type":"bitmap"}]}