{"providers":[{"file":"9zywu6k50:misc/v/z/r/t/g/0/b/q/p/d/..png","chars":["뀁"],"height":13,"ascent":13,"type":"bitmap"},{"file":"7h6wdomfg:misc/h/g/g/w/5/m/b/h/k/g/..png","chars":["뀂"],"height":13,"ascent":13,"type":"bitmap"},{"file":"nilnm8of3:misc/d/u/s/4/r/3/u/x/l/i/..png","chars":["뀃"],"height":13,"ascent":13,"type":"bitmap"},{"file":"sydn0au02:misc/t/4/j/i/y/u/1/5/c/8/..png","chars":["뀄"],"height":13,"ascent":13,"type":"bitmap"},{"file":"olje3wxzv:misc/g/t/e/i/z/m/f/w/g/t/..png","chars":["뀅"],"height":13,"ascent":13,"type":"bitmap"},{"file":"2y4dpobve:misc/v/s/s/u/t/x/a/z/4/r/..png","chars":["뀆"],"height":13,"ascent":13,"type":"bitmap"},{"file":"loqjmreiy:misc/q/9/u/7/h/s/s/u/x/1/..png","chars":["뀇"],"height":13,"ascent":13,"type":"bitmap"},{"file":"nilnm8of3:misc/2/9/q/q/q/g/a/7/5/e/..png","chars":["뀈"],"height":13,"ascent":13,"type":"bitmap"},{"file":"kih4hfkxi:misc/w/u/u/d/h/s/d/f/4/g/..png","chars":["뀉"],"height":13,"ascent":13,"type":"bitmap"},{"file":"1c9kcumqy:misc/5/0/y/t/4/2/8/8/p/s/..png","chars":["뀑"],"height":13,"ascent":13,"type":"bitmap"},{"file":"sydn0au02:misc/8/1/k/3/6/f/x/k/v/m/..png","chars":["뀒"],"height":13,"ascent":13,"type":"bitmap"},{"file":"loqjmreiy:misc/a/5/i/z/v/6/g/b/t/r/..png","chars":["뀓"],"height":13,"ascent":13,"type":"bitmap"},{"file":"9zywu6k50:misc/i/1/4/z/y/r/8/1/c/b/..png","chars":["뀔"],"height":13,"ascent":13,"type":"bitmap"},{"file":"olje3wxzv:misc/e/9/u/w/a/p/v/h/m/4/..png","chars":["뀕"],"height":13,"ascent":13,"type":"bitmap"},{"file":"loqjmreiy:misc/x/b/7/a/9/8/3/v/a/g/..png","chars":["뀖"],"height":13,"ascent":13,"type":"bitmap"},{"file":"hz0b9qrvr:misc/6/e/g/p/6/2/l/u/v/w/..png","chars":["뀗"],"height":13,"ascent":13,"type":"bitmap"},{"file":"ol6cudrho:misc/s/k/o/g/5/j/q/o/6/i/..png","chars":["뀘"],"height":13,"ascent":13,"type":"bitmap"},{"file":"z6v0cqjz5:misc/q/z/0/c/r/i/9/w/5/w/..png","chars":["뀙"],"height":13,"ascent":13,"type":"bitmap"}]}