{"providers":[{"type":"bitmap","file":"vh5o5lmyk:misc/a/8/x/o/7/w/3/z/1/w/..png","ascent":-5000,"height":-3,"chars":[""]},{"type":"bitmap","file":"vh5o5lmyk:misc/a/8/x/o/7/w/3/z/1/w/..png","ascent":-5000,"height":-4,"chars":[""]},{"type":"bitmap","file":"vh5o5lmyk:misc/a/8/x/o/7/w/3/z/1/w/..png","ascent":-5000,"height":-6,"chars":[""]},{"type":"bitmap","file":"vh5o5lmyk:misc/a/8/x/o/7/w/3/z/1/w/..png","ascent":-5000,"height":-10,"chars":[""]},{"type":"bitmap","file":"vh5o5lmyk:misc/a/8/x/o/7/w/3/z/1/w/..png","ascent":-5000,"height":-18,"chars":[""]},{"type":"bitmap","file":"vh5o5lmyk:misc/a/8/x/o/7/w/3/z/1/w/..png","ascent":-5000,"height":-34,"chars":[""]},{"type":"bitmap","file":"vh5o5lmyk:misc/a/8/x/o/7/w/3/z/1/w/..png","ascent":-5000,"height":-66,"chars":[""]},{"type":"bitmap","file":"vh5o5lmyk:misc/a/8/x/o/7/w/3/z/1/w/..png","ascent":-5000,"height":-130,"chars":[""]},{"type":"bitmap","file":"vh5o5lmyk:misc/a/8/x/o/7/w/3/z/1/w/..png","ascent":-5000,"height":-1,"chars":[""]},{"type":"bitmap","file":"vh5o5lmyk:misc/a/8/x/o/7/w/3/z/1/w/..png","ascent":-5000,"height":1,"chars":[""]},{"type":"bitmap","file":"vh5o5lmyk:misc/a/8/x/o/7/w/3/z/1/w/..png","ascent":-5000,"height":3,"chars":[""]},{"type":"bitmap","file":"vh5o5lmyk:misc/a/8/x/o/7/w/3/z/1/w/..png","ascent":-5000,"height":7,"chars":[""]},{"type":"bitmap","file":"vh5o5lmyk:misc/a/8/x/o/7/w/3/z/1/w/..png","ascent":-5000,"height":15,"chars":[""]},{"type":"bitmap","file":"vh5o5lmyk:misc/a/8/x/o/7/w/3/z/1/w/..png","ascent":-5000,"height":31,"chars":[""]},{"type":"bitmap","file":"vh5o5lmyk:misc/a/8/x/o/7/w/3/z/1/w/..png","ascent":-5000,"height":63,"chars":[""]},{"type":"bitmap","file":"vh5o5lmyk:misc/a/8/x/o/7/w/3/z/1/w/..png","ascent":-5000,"height":127,"chars":[""]}]}