{"credit":"Made with Blockbench","ambientocclusion":false,"textures":{"1":"7h6wdomfg:obf/j/j/v/n/f/d/j/n/q/o/.","particle":"vh5o5lmyk:obf/u/d/c/s/1/o/7/3/s/n/.","crop":"vh5o5lmyk:obf/u/d/c/s/1/o/7/3/s/n/."},"elements":[{"from":[0,-1,12],"to":[16,15,12],"shade":false,"faces":{"north":{"uv":[16,0,0,16],"texture":"#crop"},"south":{"uv":[0,0,16,16],"texture":"#crop"}}},{"from":[12,-1,0],"to":[12,15,16],"shade":false,"faces":{"east":{"uv":[0,0,16,16],"texture":"#crop"},"west":{"uv":[16,0,0,16],"texture":"#crop"}}},{"from":[0,-1,4],"to":[16,15,4],"shade":false,"faces":{"north":{"uv":[0,0,16,16],"texture":"#crop"},"south":{"uv":[16,0,0,16],"texture":"#crop"}}},{"from":[4,-1,0],"to":[4,15,16],"shade":false,"faces":{"east":{"uv":[16,0,0,16],"texture":"#crop"},"west":{"uv":[0,0,16,16],"texture":"#crop"}}},{"from":[11,6,5],"to":[13,8,7],"faces":{"north":{"uv":[0,0,2,2],"texture":"#1"},"east":{"uv":[0,0,2,2],"texture":"#1"},"south":{"uv":[0,0,2,2],"texture":"#1"},"west":{"uv":[0,0,2,2],"texture":"#1"},"up":{"uv":[0,0,2,2],"texture":"#1"},"down":{"uv":[0,0,2,2],"texture":"#1"}}},{"from":[11,3,9],"to":[13,5,11],"faces":{"north":{"uv":[0,0,2,2],"texture":"#1"},"east":{"uv":[0,0,2,2],"texture":"#1"},"south":{"uv":[0,0,2,2],"texture":"#1"},"west":{"uv":[0,0,2,2],"texture":"#1"},"up":{"uv":[0,0,2,2],"texture":"#1"},"down":{"uv":[0,0,2,2],"texture":"#1"}}},{"from":[9,8,11],"to":[11,10,13],"faces":{"north":{"uv":[0,0,2,2],"texture":"#1"},"east":{"uv":[0,0,2,2],"texture":"#1"},"south":{"uv":[0,0,2,2],"texture":"#1"},"west":{"uv":[0,0,2,2],"texture":"#1"},"up":{"uv":[0,0,2,2],"texture":"#1"},"down":{"uv":[0,0,2,2],"texture":"#1"}}},{"from":[7,4,11],"to":[9,6,13],"faces":{"north":{"uv":[0,0,2,2],"texture":"#1"},"east":{"uv":[0,0,2,2],"texture":"#1"},"south":{"uv":[0,0,2,2],"texture":"#1"},"west":{"uv":[0,0,2,2],"texture":"#1"},"up":{"uv":[0,0,2,2],"texture":"#1"},"down":{"uv":[0,0,2,2],"texture":"#1"}}},{"from":[3,7,3],"to":[5,9,5],"faces":{"north":{"uv":[0,0,2,2],"texture":"#1"},"east":{"uv":[0,0,2,2],"texture":"#1"},"south":{"uv":[0,0,2,2],"texture":"#1"},"west":{"uv":[0,0,2,2],"texture":"#1"},"up":{"uv":[0,0,2,2],"texture":"#1"},"down":{"uv":[0,0,2,2],"texture":"#1"}}},{"from":[3,3,7],"to":[5,5,9],"faces":{"north":{"uv":[0,0,2,2],"texture":"#1"},"east":{"uv":[0,0,2,2],"texture":"#1"},"south":{"uv":[0,0,2,2],"texture":"#1"},"west":{"uv":[0,0,2,2],"texture":"#1"},"up":{"uv":[0,0,2,2],"texture":"#1"},"down":{"uv":[0,0,2,2],"texture":"#1"}}},{"from":[8,2,3],"to":[10,4,5],"faces":{"north":{"uv":[0,0,2,2],"texture":"#1"},"east":{"uv":[0,0,2,2],"texture":"#1"},"south":{"uv":[0,0,2,2],"texture":"#1"},"west":{"uv":[0,0,2,2],"texture":"#1"},"up":{"uv":[0,0,2,2],"texture":"#1"},"down":{"uv":[0,0,2,2],"texture":"#1"}}},{"from":[3,2,11],"to":[5,4,13],"faces":{"north":{"uv":[0,0,2,2],"texture":"#1"},"east":{"uv":[0,0,2,2],"texture":"#1"},"south":{"uv":[0,0,2,2],"texture":"#1"},"west":{"uv":[0,0,2,2],"texture":"#1"},"up":{"uv":[0,0,2,2],"texture":"#1"},"down":{"uv":[0,0,2,2],"texture":"#1"}}}],"display":{"gui":{"translation":[0,1,0]},"fixed":{"rotation":[-90,0,0],"translation":[0,0,-14.75],"scale":[2,2,2]}},"groups":[0,1,2,3,{"name":"all","origin":[0,0,0],"color":0,"boneType":"","children":[4,5,6,7,8,9,10,11]}]}