{"credit":"Made with Blockbench","ambientocclusion":false,"textures":{"1":"7h6wdomfg:obf/j/j/v/n/f/d/j/n/q/o/.","particle":"z6v0cqjz5:obf/h/0/6/y/o/x/g/o/2/e/.","crop":"z6v0cqjz5:obf/h/0/6/y/o/x/g/o/2/e/."},"elements":[{"from":[0,-1,12],"to":[16,15,12],"shade":false,"faces":{"north":{"uv":[16,0,0,16],"texture":"#crop"},"south":{"uv":[0,0,16,16],"texture":"#crop"}}},{"from":[12,-1,0],"to":[12,15,16],"shade":false,"faces":{"east":{"uv":[0,0,16,16],"texture":"#crop"},"west":{"uv":[16,0,0,16],"texture":"#crop"}}},{"from":[0,-1,4],"to":[16,15,4],"shade":false,"faces":{"north":{"uv":[0,0,16,16],"texture":"#crop"},"south":{"uv":[16,0,0,16],"texture":"#crop"}}},{"from":[4,-1,0],"to":[4,15,16],"shade":false,"faces":{"east":{"uv":[16,0,0,16],"texture":"#crop"},"west":{"uv":[0,0,16,16],"texture":"#crop"}}},{"from":[9,2,3.5],"to":[10,3,4.5],"faces":{"north":{"uv":[3,4,4,5],"texture":"#1"},"east":{"uv":[3,4,4,5],"texture":"#1"},"south":{"uv":[3,4,4,5],"texture":"#1"},"west":{"uv":[3,4,4,5],"texture":"#1"},"up":{"uv":[3,4,4,5],"texture":"#1"},"down":{"uv":[3,4,4,5],"texture":"#1"}}},{"from":[4,8,3.5],"to":[5,9,4.5],"faces":{"north":{"uv":[3,4,4,5],"texture":"#1"},"east":{"uv":[3,4,4,5],"texture":"#1"},"south":{"uv":[3,4,4,5],"texture":"#1"},"west":{"uv":[3,4,4,5],"texture":"#1"},"up":{"uv":[3,4,4,5],"texture":"#1"},"down":{"uv":[3,4,4,5],"texture":"#1"}}},{"from":[9,11,3.5],"to":[10,12,4.5],"faces":{"north":{"uv":[3,4,4,5],"texture":"#1"},"east":{"uv":[3,4,4,5],"texture":"#1"},"south":{"uv":[3,4,4,5],"texture":"#1"},"west":{"uv":[3,4,4,5],"texture":"#1"},"up":{"uv":[3,4,4,5],"texture":"#1"},"down":{"uv":[3,4,4,5],"texture":"#1"}}},{"from":[6,5,3.5],"to":[7,6,4.5],"faces":{"north":{"uv":[3,4,4,5],"texture":"#1"},"east":{"uv":[3,4,4,5],"texture":"#1"},"south":{"uv":[3,4,4,5],"texture":"#1"},"west":{"uv":[3,4,4,5],"texture":"#1"},"up":{"uv":[3,4,4,5],"texture":"#1"},"down":{"uv":[3,4,4,5],"texture":"#1"}}},{"from":[3.5,5,5.5],"to":[4.5,6,6.5],"faces":{"north":{"uv":[3,4,4,5],"texture":"#1"},"east":{"uv":[3,4,4,5],"texture":"#1"},"south":{"uv":[3,4,4,5],"texture":"#1"},"west":{"uv":[3,4,4,5],"texture":"#1"},"up":{"uv":[3,4,4,5],"texture":"#1"},"down":{"uv":[3,4,4,5],"texture":"#1"}}},{"from":[3.5,9,9.5],"to":[4.5,10,10.5],"faces":{"north":{"uv":[3,4,4,5],"texture":"#1"},"east":{"uv":[3,4,4,5],"texture":"#1"},"south":{"uv":[3,4,4,5],"texture":"#1"},"west":{"uv":[3,4,4,5],"texture":"#1"},"up":{"uv":[3,4,4,5],"texture":"#1"},"down":{"uv":[3,4,4,5],"texture":"#1"}}},{"from":[5.5,9,11.5],"to":[6.5,10,12.5],"faces":{"north":{"uv":[3,4,4,5],"texture":"#1"},"east":{"uv":[3,4,4,5],"texture":"#1"},"south":{"uv":[3,4,4,5],"texture":"#1"},"west":{"uv":[3,4,4,5],"texture":"#1"},"up":{"uv":[3,4,4,5],"texture":"#1"},"down":{"uv":[3,4,4,5],"texture":"#1"}}},{"from":[6.5,5,11.5],"to":[7.5,6,12.5],"faces":{"north":{"uv":[3,4,4,5],"texture":"#1"},"east":{"uv":[3,4,4,5],"texture":"#1"},"south":{"uv":[3,4,4,5],"texture":"#1"},"west":{"uv":[3,4,4,5],"texture":"#1"},"up":{"uv":[3,4,4,5],"texture":"#1"},"down":{"uv":[3,4,4,5],"texture":"#1"}}},{"from":[9.5,2,11.5],"to":[10.5,3,12.5],"faces":{"north":{"uv":[3,4,4,5],"texture":"#1"},"east":{"uv":[3,4,4,5],"texture":"#1"},"south":{"uv":[3,4,4,5],"texture":"#1"},"west":{"uv":[3,4,4,5],"texture":"#1"},"up":{"uv":[3,4,4,5],"texture":"#1"},"down":{"uv":[3,4,4,5],"texture":"#1"}}},{"from":[11.5,2,9.5],"to":[12.5,3,10.5],"faces":{"north":{"uv":[3,4,4,5],"texture":"#1"},"east":{"uv":[3,4,4,5],"texture":"#1"},"south":{"uv":[3,4,4,5],"texture":"#1"},"west":{"uv":[3,4,4,5],"texture":"#1"},"up":{"uv":[3,4,4,5],"texture":"#1"},"down":{"uv":[3,4,4,5],"texture":"#1"}}},{"from":[11.5,10,4.5],"to":[12.5,11,5.5],"faces":{"north":{"uv":[3,4,4,5],"texture":"#1"},"east":{"uv":[3,4,4,5],"texture":"#1"},"south":{"uv":[3,4,4,5],"texture":"#1"},"west":{"uv":[3,4,4,5],"texture":"#1"},"up":{"uv":[3,4,4,5],"texture":"#1"},"down":{"uv":[3,4,4,5],"texture":"#1"}}},{"from":[11.5,8,8.5],"to":[12.5,9,9.5],"faces":{"north":{"uv":[3,4,4,5],"texture":"#1"},"east":{"uv":[3,4,4,5],"texture":"#1"},"south":{"uv":[3,4,4,5],"texture":"#1"},"west":{"uv":[3,4,4,5],"texture":"#1"},"up":{"uv":[3,4,4,5],"texture":"#1"},"down":{"uv":[3,4,4,5],"texture":"#1"}}},{"from":[11.5,5,5.5],"to":[12.5,6,6.5],"faces":{"north":{"uv":[3,4,4,5],"texture":"#1"},"east":{"uv":[3,4,4,5],"texture":"#1"},"south":{"uv":[3,4,4,5],"texture":"#1"},"west":{"uv":[3,4,4,5],"texture":"#1"},"up":{"uv":[3,4,4,5],"texture":"#1"},"down":{"uv":[3,4,4,5],"texture":"#1"}}},{"from":[10.5,12,11.5],"to":[11.5,13,12.5],"faces":{"north":{"uv":[3,4,4,5],"texture":"#1"},"east":{"uv":[3,4,4,5],"texture":"#1"},"south":{"uv":[3,4,4,5],"texture":"#1"},"west":{"uv":[3,4,4,5],"texture":"#1"},"up":{"uv":[3,4,4,5],"texture":"#1"},"down":{"uv":[3,4,4,5],"texture":"#1"}}},{"from":[3.5,2,9.5],"to":[4.5,3,10.5],"faces":{"north":{"uv":[3,4,4,5],"texture":"#1"},"east":{"uv":[3,4,4,5],"texture":"#1"},"south":{"uv":[3,4,4,5],"texture":"#1"},"west":{"uv":[3,4,4,5],"texture":"#1"},"up":{"uv":[3,4,4,5],"texture":"#1"},"down":{"uv":[3,4,4,5],"texture":"#1"}}},{"from":[3.5,11,3.5],"to":[4.5,12,4.5],"faces":{"north":{"uv":[3,4,4,5],"texture":"#1"},"east":{"uv":[3,4,4,5],"texture":"#1"},"south":{"uv":[3,4,4,5],"texture":"#1"},"west":{"uv":[3,4,4,5],"texture":"#1"},"up":{"uv":[3,4,4,5],"texture":"#1"},"down":{"uv":[3,4,4,5],"texture":"#1"}}}],"display":{"gui":{"translation":[0,1,0]},"fixed":{"rotation":[-90,0,0],"translation":[0,0,-14.75],"scale":[2,2,2]}},"groups":[0,1,2,3,{"name":"all","origin":[8,8,8],"color":0,"boneType":"","children":[4,5,6,7,8,9,10,11,12,13,14,15,16,17,18,19]}]}