{"credit":"Made with Blockbench","ambientocclusion":false,"texture_size":[64,64],"textures":{"0":"vh5o5lmyk:obf/a/d/y/l/3/c/k/1/4/u/.","particle":"vh5o5lmyk:obf/a/d/y/l/3/c/k/1/4/u/."},"elements":[{"from":[0.275,10,4.5],"to":[2.275,10,6.5],"rotation":{"angle":-22.5,"axis":"z","origin":[0,0,0]},"faces":{"north":{"uv":[0,0,0.5,0],"texture":"#0"},"east":{"uv":[0,0,0.5,0],"texture":"#0"},"south":{"uv":[0,0,0.5,0],"texture":"#0"},"west":{"uv":[0,0,0.5,0],"texture":"#0"},"up":{"uv":[11.25,2,10.75,1.5],"texture":"#0"},"down":{"uv":[11.25,2,10.75,2.5],"texture":"#0"}}},{"from":[0.275,10,6.5],"to":[1.275,10,8.5],"rotation":{"angle":-22.5,"axis":"z","origin":[0,0,0]},"faces":{"north":{"uv":[0,0,0.25,0],"texture":"#0"},"east":{"uv":[0,0,0.5,0],"texture":"#0"},"south":{"uv":[0,0,0.25,0],"texture":"#0"},"west":{"uv":[0,0,0.5,0],"texture":"#0"},"up":{"uv":[11.5,11,11.25,10.5],"texture":"#0"},"down":{"uv":[11,11.25,10.75,11.75],"texture":"#0"}}},{"from":[1.275,10,7.5],"to":[2.275,10,9.5],"rotation":{"angle":-22.5,"axis":"z","origin":[0,0,0]},"faces":{"north":{"uv":[0,0,0.25,0],"texture":"#0"},"east":{"uv":[0,0,0.5,0],"texture":"#0"},"south":{"uv":[0,0,0.25,0],"texture":"#0"},"west":{"uv":[0,0,0.5,0],"texture":"#0"},"up":{"uv":[11.25,11.75,11,11.25],"texture":"#0"},"down":{"uv":[11.5,11,11.25,11.5],"texture":"#0"}}},{"from":[2.275,10,8.5],"to":[3.275,10,9.5],"rotation":{"angle":-22.5,"axis":"z","origin":[0,0,0]},"faces":{"north":{"uv":[0,0,0.25,0],"texture":"#0"},"east":{"uv":[0,0,0.25,0],"texture":"#0"},"south":{"uv":[0,0,0.25,0],"texture":"#0"},"west":{"uv":[0,0,0.25,0],"texture":"#0"},"up":{"uv":[3.25,6.25,3,6],"texture":"#0"},"down":{"uv":[3.5,6,3.25,6.25],"texture":"#0"}}},{"from":[3.25,9.75,7.5],"to":[5.25,13.75,9.5],"rotation":{"angle":-22.5,"axis":"z","origin":[0,0,0]},"faces":{"north":{"uv":[10.25,1.5,10.75,2.5],"texture":"#0"},"east":{"uv":[5.25,10.25,5.75,11.25],"texture":"#0"},"south":{"uv":[5.75,10.25,6.25,11.25],"texture":"#0"},"west":{"uv":[6.25,10.25,6.75,11.25],"texture":"#0"},"up":{"uv":[11.75,2,11.25,1.5],"texture":"#0"},"down":{"uv":[11.75,2,11.25,2.5],"texture":"#0"}}},{"from":[13.475,10.075,7.5],"to":[14.475,10.075,9.5],"rotation":{"angle":22.5,"axis":"z","origin":[16,0,16]},"faces":{"north":{"uv":[0,0,0.25,0],"texture":"#0"},"east":{"uv":[0,0,0.5,0],"texture":"#0"},"south":{"uv":[0,0,0.25,0],"texture":"#0"},"west":{"uv":[0,0,0.5,0],"texture":"#0"},"up":{"uv":[11.75,3.5,11.5,3],"texture":"#0"},"down":{"uv":[11.75,3.5,11.5,4],"texture":"#0"}}},{"from":[12.475,10.075,7.5],"to":[13.475,10.075,8.5],"rotation":{"angle":22.5,"axis":"z","origin":[16,0,16]},"faces":{"north":{"uv":[0,0,0.25,0],"texture":"#0"},"east":{"uv":[0,0,0.25,0],"texture":"#0"},"south":{"uv":[0,0,0.25,0],"texture":"#0"},"west":{"uv":[0,0,0.25,0],"texture":"#0"},"up":{"uv":[3.75,6.25,3.5,6],"texture":"#0"},"down":{"uv":[4,6,3.75,6.25],"texture":"#0"}}},{"from":[14.475,10.075,8.5],"to":[15.475,10.075,10.5],"rotation":{"angle":22.5,"axis":"z","origin":[16,0,16]},"faces":{"north":{"uv":[0,0,0.25,0],"texture":"#0"},"east":{"uv":[0,0,0.5,0],"texture":"#0"},"south":{"uv":[0,0,0.25,0],"texture":"#0"},"west":{"uv":[0,0,0.5,0],"texture":"#0"},"up":{"uv":[11.75,4.5,11.5,4],"texture":"#0"},"down":{"uv":[11.75,4.5,11.5,5],"texture":"#0"}}},{"from":[13.475,10.075,10.5],"to":[15.475,10.075,12.5],"rotation":{"angle":22.5,"axis":"z","origin":[16,0,16]},"faces":{"north":{"uv":[0,0,0.5,0],"texture":"#0"},"east":{"uv":[0,0,0.5,0],"texture":"#0"},"south":{"uv":[0,0,0.5,0],"texture":"#0"},"west":{"uv":[0,0,0.5,0],"texture":"#0"},"up":{"uv":[5.75,11.75,5.25,11.25],"texture":"#0"},"down":{"uv":[6.25,11.25,5.75,11.75],"texture":"#0"}}},{"from":[3.5,0,1],"to":[12.5,5,15],"faces":{"north":{"uv":[7.5,2.5,9.75,3.75],"texture":"#0"},"east":{"uv":[4.5,0,8,1.25],"texture":"#0"},"south":{"uv":[7.5,3.75,9.75,5],"texture":"#0"},"west":{"uv":[4.5,1.25,8,2.5],"texture":"#0"},"up":{"uv":[2.25,3.5,0,0],"texture":"#0"},"down":{"uv":[4.5,0,2.25,3.5],"texture":"#0"}}},{"from":[3.5,5,2],"to":[12.5,7,3],"faces":{"north":{"uv":[0,9.25,2.25,9.75],"texture":"#0"},"east":{"uv":[11.5,5,11.75,5.5],"texture":"#0"},"south":{"uv":[2.25,9.5,4.5,10],"texture":"#0"},"west":{"uv":[6.75,11.5,7,12],"texture":"#0"},"up":{"uv":[12,6.25,9.75,6],"texture":"#0"},"down":{"uv":[5.75,10,3.5,10.25],"texture":"#0"}}},{"from":[3.5,5,3],"to":[12.5,8,13],"faces":{"north":{"uv":[5,8.75,7.25,9.5],"texture":"#0"},"east":{"uv":[0,8.5,2.5,9.25],"texture":"#0"},"south":{"uv":[7.25,8.75,9.5,9.5],"texture":"#0"},"west":{"uv":[2.5,8.75,5,9.5],"texture":"#0"},"up":{"uv":[2.25,6,0,3.5],"texture":"#0"},"down":{"uv":[4.5,3.5,2.25,6],"texture":"#0"}}},{"from":[3.5,0,15],"to":[12.5,5,16],"faces":{"north":{"uv":[5,7.5,7.25,8.75],"texture":"#0"},"east":{"uv":[10.25,6.25,10.5,7.5],"texture":"#0"},"south":{"uv":[7.5,5,9.75,6.25],"texture":"#0"},"west":{"uv":[6.75,10.25,7,11.5],"texture":"#0"},"up":{"uv":[12.25,5.75,10,5.5],"texture":"#0"},"down":{"uv":[8,10,5.75,10.25],"texture":"#0"}}},{"from":[3.5,7,13],"to":[12.5,8,14],"faces":{"north":{"uv":[10,5.75,12.25,6],"texture":"#0"},"east":{"uv":[4,6,4.25,6.25],"texture":"#0"},"south":{"uv":[8,10,10.25,10.25],"texture":"#0"},"west":{"uv":[4.25,6,4.5,6.25],"texture":"#0"},"up":{"uv":[12.5,0.25,10.25,0],"texture":"#0"},"down":{"uv":[12.5,0.25,10.25,0.5],"texture":"#0"}}},{"from":[3.5,5,13],"to":[12.5,7,15],"faces":{"north":{"uv":[4.5,9.5,6.75,10],"texture":"#0"},"east":{"uv":[6.25,11.25,6.75,11.75],"texture":"#0"},"south":{"uv":[6.75,9.5,9,10],"texture":"#0"},"west":{"uv":[11.25,6.25,11.75,6.75],"texture":"#0"},"up":{"uv":[11.75,8,9.5,7.5],"texture":"#0"},"down":{"uv":[11.75,8,9.5,8.5],"texture":"#0"}}},{"from":[0.5,0,4],"to":[1.5,5,13],"faces":{"north":{"uv":[7,10.25,7.25,11.5],"texture":"#0"},"east":{"uv":[7.25,7.5,9.5,8.75],"texture":"#0"},"south":{"uv":[7.25,10.25,7.5,11.5],"texture":"#0"},"west":{"uv":[8,0,10.25,1.25],"texture":"#0"},"up":{"uv":[10.5,5.25,10.25,3],"texture":"#0"},"down":{"uv":[3.75,10.25,3.5,12.5],"texture":"#0"}}},{"from":[1.5,5,4],"to":[3.5,7,13],"faces":{"north":{"uv":[11.25,6.75,11.75,7.25],"texture":"#0"},"east":{"uv":[9.5,8.5,11.75,9],"texture":"#0"},"south":{"uv":[11.25,9.5,11.75,10],"texture":"#0"},"west":{"uv":[9,9.5,11.25,10],"texture":"#0"},"up":{"uv":[0.5,12,0,9.75],"texture":"#0"},"down":{"uv":[1,9.75,0.5,12],"texture":"#0"}}},{"from":[2.5,7,4],"to":[3.5,8,13],"faces":{"north":{"uv":[2.5,7.25,2.75,7.5],"texture":"#0"},"east":{"uv":[10.25,0.5,12.5,0.75],"texture":"#0"},"south":{"uv":[2.75,7.25,3,7.5],"texture":"#0"},"west":{"uv":[10.25,0.75,12.5,1],"texture":"#0"},"up":{"uv":[4,12.5,3.75,10.25],"texture":"#0"},"down":{"uv":[4.25,10.25,4,12.5],"texture":"#0"}}},{"from":[2.5,0,2],"to":[3.5,5,14],"faces":{"north":{"uv":[7.5,10.25,7.75,11.5],"texture":"#0"},"east":{"uv":[4.5,2.5,7.5,3.75],"texture":"#0"},"south":{"uv":[7.75,10.25,8,11.5],"texture":"#0"},"west":{"uv":[4.5,3.75,7.5,5],"texture":"#0"},"up":{"uv":[2.25,12.75,2,9.75],"texture":"#0"},"down":{"uv":[10,3,9.75,6],"texture":"#0"}}},{"from":[2.5,5,3],"to":[3.5,7,4],"faces":{"north":{"uv":[7,11.5,7.25,12],"texture":"#0"},"east":{"uv":[7.25,11.5,7.5,12],"texture":"#0"},"south":{"uv":[7.5,11.5,7.75,12],"texture":"#0"},"west":{"uv":[7.75,11.5,8,12],"texture":"#0"},"up":{"uv":[2.5,9.5,2.25,9.25],"texture":"#0"},"down":{"uv":[10.5,5.25,10.25,5.5],"texture":"#0"}}},{"from":[1.5,0,3],"to":[2.5,5,13],"faces":{"north":{"uv":[8,10.25,8.25,11.5],"texture":"#0"},"east":{"uv":[3,6.25,5.5,7.5],"texture":"#0"},"south":{"uv":[8.25,10.25,8.5,11.5],"texture":"#0"},"west":{"uv":[5.5,6.25,8,7.5],"texture":"#0"},"up":{"uv":[3,12.5,2.75,10],"texture":"#0"},"down":{"uv":[3.25,10,3,12.5],"texture":"#0"}}},{"from":[1.5,0,13],"to":[2.5,5,14],"faces":{"north":{"uv":[8.5,10.25,8.75,11.5],"texture":"#0"},"east":{"uv":[8.75,10.25,9,11.5],"texture":"#0"},"south":{"uv":[9,10.25,9.25,11.5],"texture":"#0"},"west":{"uv":[9.25,10.25,9.5,11.5],"texture":"#0"},"up":{"uv":[11.5,7.5,11.25,7.25],"texture":"#0"},"down":{"uv":[11.75,7.25,11.5,7.5],"texture":"#0"}}},{"from":[2.5,5,13],"to":[3.5,7,14],"faces":{"north":{"uv":[8,11.5,8.25,12],"texture":"#0"},"east":{"uv":[8.25,11.5,8.5,12],"texture":"#0"},"south":{"uv":[8.5,11.5,8.75,12],"texture":"#0"},"west":{"uv":[8.75,11.5,9,12],"texture":"#0"},"up":{"uv":[11.75,11.75,11.5,11.5],"texture":"#0"},"down":{"uv":[12,1.5,11.75,1.75],"texture":"#0"}}},{"from":[2.5,0,14],"to":[3.5,5,15],"faces":{"north":{"uv":[9.5,10.25,9.75,11.5],"texture":"#0"},"east":{"uv":[9.75,10.25,10,11.5],"texture":"#0"},"south":{"uv":[10,10.25,10.25,11.5],"texture":"#0"},"west":{"uv":[10.25,10,10.5,11.25],"texture":"#0"},"up":{"uv":[12,2,11.75,1.75],"texture":"#0"},"down":{"uv":[12,2,11.75,2.25],"texture":"#0"}}},{"from":[12.5,0,2],"to":[13.5,5,14],"rotation":{"angle":0,"axis":"y","origin":[16,0,0]},"faces":{"north":{"uv":[10.5,3,10.75,4.25],"texture":"#0"},"east":{"uv":[4.5,5,7.5,6.25],"texture":"#0"},"south":{"uv":[10.5,4.25,10.75,5.5],"texture":"#0"},"west":{"uv":[0,6,3,7.25],"texture":"#0"},"up":{"uv":[2.5,13,2.25,10],"texture":"#0"},"down":{"uv":[2.75,10,2.5,13],"texture":"#0"}}},{"from":[13.5,0,3],"to":[14.5,5,13],"rotation":{"angle":0,"axis":"y","origin":[16,0,0]},"faces":{"north":{"uv":[10.5,6.25,10.75,7.5],"texture":"#0"},"east":{"uv":[0,7.25,2.5,8.5],"texture":"#0"},"south":{"uv":[10.5,10,10.75,11.25],"texture":"#0"},"west":{"uv":[2.5,7.5,5,8.75],"texture":"#0"},"up":{"uv":[10.25,5.5,10,3],"texture":"#0"},"down":{"uv":[3.5,10,3.25,12.5],"texture":"#0"}}},{"from":[12.5,5,3],"to":[13.5,7,4],"rotation":{"angle":0,"axis":"y","origin":[16,0,0]},"faces":{"north":{"uv":[9,11.5,9.25,12],"texture":"#0"},"east":{"uv":[9.25,11.5,9.5,12],"texture":"#0"},"south":{"uv":[9.5,11.5,9.75,12],"texture":"#0"},"west":{"uv":[9.75,11.5,10,12],"texture":"#0"},"up":{"uv":[12,2.5,11.75,2.25],"texture":"#0"},"down":{"uv":[12,3,11.75,3.25],"texture":"#0"}}},{"from":[14.5,0,4],"to":[15.5,5,13],"rotation":{"angle":0,"axis":"y","origin":[16,0,0]},"faces":{"north":{"uv":[10.75,3,11,4.25],"texture":"#0"},"east":{"uv":[8,1.25,10.25,2.5],"texture":"#0"},"south":{"uv":[10.75,4.25,11,5.5],"texture":"#0"},"west":{"uv":[8,6.25,10.25,7.5],"texture":"#0"},"up":{"uv":[4.5,12.5,4.25,10.25],"texture":"#0"},"down":{"uv":[4.75,10.25,4.5,12.5],"texture":"#0"}}},{"from":[12.5,5,4],"to":[14.5,7,13],"rotation":{"angle":0,"axis":"y","origin":[16,0,0]},"faces":{"north":{"uv":[11.25,10,11.75,10.5],"texture":"#0"},"east":{"uv":[9.5,9,11.75,9.5],"texture":"#0"},"south":{"uv":[10.25,11.25,10.75,11.75],"texture":"#0"},"west":{"uv":[9.75,2.5,12,3],"texture":"#0"},"up":{"uv":[1.5,12,1,9.75],"texture":"#0"},"down":{"uv":[2,9.75,1.5,12],"texture":"#0"}}},{"from":[12.5,7,4],"to":[13.5,8,13],"rotation":{"angle":0,"axis":"y","origin":[16,0,0]},"faces":{"north":{"uv":[11.75,3.25,12,3.5],"texture":"#0"},"east":{"uv":[10.25,1,12.5,1.25],"texture":"#0"},"south":{"uv":[11.75,3.5,12,3.75],"texture":"#0"},"west":{"uv":[10.25,1.25,12.5,1.5],"texture":"#0"},"up":{"uv":[5,12.5,4.75,10.25],"texture":"#0"},"down":{"uv":[5.25,10.25,5,12.5],"texture":"#0"}}},{"from":[13.5,0,13],"to":[14.5,5,14],"rotation":{"angle":0,"axis":"y","origin":[16,0,0]},"faces":{"north":{"uv":[10.75,6.25,11,7.5],"texture":"#0"},"east":{"uv":[10.75,10,11,11.25],"texture":"#0"},"south":{"uv":[11,3,11.25,4.25],"texture":"#0"},"west":{"uv":[11,4.25,11.25,5.5],"texture":"#0"},"up":{"uv":[12,4,11.75,3.75],"texture":"#0"},"down":{"uv":[12,4,11.75,4.25],"texture":"#0"}}},{"from":[12.5,5,13],"to":[13.5,7,14],"rotation":{"angle":0,"axis":"y","origin":[16,0,0]},"faces":{"north":{"uv":[10,11.5,10.25,12],"texture":"#0"},"east":{"uv":[11.5,10.5,11.75,11],"texture":"#0"},"south":{"uv":[11.5,11,11.75,11.5],"texture":"#0"},"west":{"uv":[11.25,11.5,11.5,12],"texture":"#0"},"up":{"uv":[12,4.5,11.75,4.25],"texture":"#0"},"down":{"uv":[12,4.5,11.75,4.75],"texture":"#0"}}},{"from":[12.5,0,14],"to":[13.5,5,15],"rotation":{"angle":0,"axis":"y","origin":[16,0,0]},"faces":{"north":{"uv":[11,6.25,11.25,7.5],"texture":"#0"},"east":{"uv":[11,10,11.25,11.25],"texture":"#0"},"south":{"uv":[11.25,3,11.5,4.25],"texture":"#0"},"west":{"uv":[11.25,4.25,11.5,5.5],"texture":"#0"},"up":{"uv":[12,5,11.75,4.75],"texture":"#0"},"down":{"uv":[12,5,11.75,5.25],"texture":"#0"}}}],"display":{"thirdperson_righthand":{"rotation":[69.75,0,0],"translation":[0,-1.75,-1.25],"scale":[0.69,0.69,0.69]},"thirdperson_lefthand":{"rotation":[69.75,0,0],"translation":[0,-1.75,-1.25],"scale":[0.69,0.69,0.69]},"firstperson_righthand":{"rotation":[32.25,0,0],"translation":[0.25,5.25,2],"scale":[0.52,0.52,0.52]},"firstperson_lefthand":{"rotation":[32.25,0,0],"translation":[0.25,5.25,2],"scale":[0.52,0.52,0.52]},"ground":{"translation":[0,5,0],"scale":[0.82,0.82,0.82]},"gui":{"rotation":[29.75,13,0],"translation":[0,3.25,0],"scale":[0.95,0.95,0.95]},"head":{"rotation":[19,0,0],"translation":[0,9.75,2],"scale":[1.31,1.31,1.31]},"fixed":{"rotation":[-90,0,0],"translation":[0,-0.75,-10],"scale":[1.49,1.49,1.49]}},"groups":[{"name":"pumpkin","origin":[8,8,8],"color":0,"nbt":"{}","children":[{"name":"stem and leaves","origin":[16,0,16],"color":0,"nbt":"{}","children":[0,1,2,3,4,5,6,7,8]},{"name":"pumpkin base","origin":[16,0,0],"color":0,"nbt":"{}","children":[9,10,11,12,13,14,15,16,17,18,19,20,21,22,23,24,25,26,27,28,29,30,31,32]}]}]}