{"providers":[{"type":"space","advances":{" ":4,"‌":0}},{"type":"bitmap","height":-3,"ascent":-512,"file":"bwv29t4ps:misc/l/e/g/e/c/u/d/n/k/9/..png","chars":["뀁"]},{"type":"bitmap","height":8,"ascent":8,"file":"hz0b9qrvr:misc/3/9/i/o/x/l/t/o/h/0/..png","chars":["뀂"]},{"type":"bitmap","height":8,"ascent":8,"file":"1c9kcumqy:misc/5/b/3/t/j/i/d/9/5/j/..png","chars":["뀃"]},{"type":"bitmap","height":8,"ascent":8,"file":"jiblq9ax5:misc/5/r/7/j/v/q/w/o/v/n/..png","chars":["뀄"]},{"type":"bitmap","height":8,"ascent":8,"file":"vh5o5lmyk:misc/n/2/2/l/a/6/r/6/e/i/..png","chars":["뀅"]},{"type":"bitmap","height":8,"ascent":8,"file":"loqjmreiy:misc/9/3/n/p/y/y/f/f/m/u/..png","chars":["뀆"]},{"type":"bitmap","height":8,"ascent":8,"file":"ol6cudrho:misc/8/n/k/4/4/3/s/0/m/q/..png","chars":["뀇"]},{"type":"bitmap","height":8,"ascent":8,"file":"sydn0au02:misc/0/7/2/x/o/n/7/0/v/x/..png","chars":["뀈"]},{"type":"bitmap","height":8,"ascent":8,"file":"z6v0cqjz5:misc/l/2/g/j/1/h/z/p/q/e/..png","chars":["뀉"]},{"type":"bitmap","height":8,"ascent":8,"file":"z6v0cqjz5:misc/z/j/3/0/2/t/f/e/5/p/..png","chars":["뀊"]},{"type":"bitmap","height":8,"ascent":8,"file":"bwv29t4ps:misc/s/m/j/b/3/v/j/9/f/a/..png","chars":["뀋"]},{"type":"bitmap","height":8,"ascent":8,"file":"olje3wxzv:misc/j/o/4/w/9/z/l/1/5/2/..png","chars":["뀌"]},{"type":"bitmap","height":8,"ascent":8,"file":"do5s8y591:misc/e/0/k/b/9/y/3/k/s/c/..png","chars":["뀍"]},{"type":"bitmap","height":8,"ascent":8,"file":"kih4hfkxi:misc/f/q/m/d/s/s/z/f/m/e/..png","chars":["뀎"]},{"type":"bitmap","height":8,"ascent":8,"file":"sydn0au02:misc/g/s/q/v/g/j/v/m/1/5/..png","chars":["뀏"]},{"type":"bitmap","height":8,"ascent":8,"file":"hz0b9qrvr:misc/g/q/8/b/a/y/q/0/g/o/..png","chars":["뀐"]},{"type":"bitmap","height":8,"ascent":8,"file":"7h6wdomfg:misc/b/4/4/n/8/9/9/c/o/a/..png","chars":["뀑"]},{"type":"bitmap","height":8,"ascent":8,"file":"1c9kcumqy:misc/h/q/x/b/w/i/j/9/g/w/..png","chars":["뀒"]},{"type":"bitmap","height":8,"ascent":8,"file":"2y4dpobve:misc/c/j/h/p/t/l/p/e/c/z/..png","chars":["뀓"]},{"type":"bitmap","height":8,"ascent":8,"file":"hz0b9qrvr:misc/0/7/a/l/6/6/k/8/e/f/..png","chars":["뀔"]}]}