{"credit":"momirealms","texture_size":[32,32],"textures":{"0":"vh5o5lmyk:obf/n/s/8/1/c/3/x/1/l/r/.","1":"block/spruce_log","particle":"vh5o5lmyk:obf/n/s/8/1/c/3/x/1/l/r/."},"elements":[{"from":[6,0,6],"to":[10,10,10],"faces":{"north":{"uv":[8,6,12,16],"texture":"#1"},"east":{"uv":[8,6,12,16],"texture":"#1"},"south":{"uv":[8,6,12,16],"texture":"#1"},"west":{"uv":[8,6,12,16],"texture":"#1"},"up":{"uv":[8,6,12,10],"texture":"#1"},"down":{"uv":[8,6,12,10],"texture":"#1"}}},{"from":[7,18,7],"to":[9,24,9],"faces":{"north":{"uv":[8,0.66667,10,6.66667],"texture":"#1"},"east":{"uv":[8,0.66667,10,6.66667],"texture":"#1"},"south":{"uv":[8,0.66667,10,6.66667],"texture":"#1"},"west":{"uv":[8,0.66667,10,6.66667],"texture":"#1"},"up":{"uv":[8,0.66667,10,2.66667],"texture":"#1"},"down":{"uv":[8,0.66667,10,2.66667],"texture":"#1"}}},{"from":[6.5,10,6.5],"to":[9.5,18,9.5],"faces":{"north":{"uv":[8,3,11,11],"texture":"#1"},"east":{"uv":[8,3,11,11],"texture":"#1"},"south":{"uv":[8,3,11,11],"texture":"#1"},"west":{"uv":[8,3,11,11],"texture":"#1"},"up":{"uv":[8,3,11,6],"texture":"#1"},"down":{"uv":[8,3,11,6],"texture":"#1"}}},{"from":[6,19,17],"to":[10,19,19],"rotation":{"angle":-22.5,"axis":"x","origin":[0,0,0]},"faces":{"north":{"uv":[0,0,2,0],"texture":"#0"},"east":{"uv":[0,0,1,0],"texture":"#0"},"south":{"uv":[0,0,2,0],"texture":"#0"},"west":{"uv":[0,0,1,0],"texture":"#0"},"up":{"uv":[0,8,2,9],"texture":"#0"},"down":{"uv":[0,0,2,1],"texture":"#0"}}},{"from":[6,14.7,-1.05],"to":[10,19.7,-1.05],"rotation":{"angle":0,"axis":"y","origin":[0,0,16]},"faces":{"north":{"uv":[2,13.5,0,16],"texture":"#0"},"east":{"uv":[0,0,4,0],"rotation":270,"texture":"#0"},"south":{"uv":[2,16,0,12],"rotation":180,"texture":"#0"},"west":{"uv":[0,0,4,0],"rotation":90,"texture":"#0"},"up":{"uv":[0,0,2,0],"rotation":180,"texture":"#0"},"down":{"uv":[0,0,2,0],"texture":"#0"}}},{"from":[6,11.7,-7.3],"to":[10,15.7,-7.3],"rotation":{"angle":22.5,"axis":"x","origin":[0,0,16]},"faces":{"north":{"uv":[2,8.5,0,10.5],"texture":"#0"},"east":{"uv":[0,0,2,0],"rotation":270,"texture":"#0"},"south":{"uv":[2,0,0,2],"rotation":180,"texture":"#0"},"west":{"uv":[0,0,2,0],"rotation":90,"texture":"#0"},"up":{"uv":[0,0,2,0],"rotation":180,"texture":"#0"},"down":{"uv":[0,0,2,0],"texture":"#0"}}},{"from":[6,27.55,21.55],"to":[10,27.55,23.55],"rotation":{"angle":-45,"axis":"x","origin":[0,0,16]},"faces":{"north":{"uv":[2,0,0,0],"texture":"#0"},"east":{"uv":[1,0,0,0],"texture":"#0"},"south":{"uv":[2,0,0,0],"texture":"#0"},"west":{"uv":[1,0,0,0],"texture":"#0"},"up":{"uv":[0,1.5,2,0.5],"texture":"#0"},"down":{"uv":[0,1,2,0],"texture":"#0"}}},{"from":[6,24.8,1.8],"to":[10,24.8,5.8],"rotation":{"angle":0,"axis":"y","origin":[0,0,16]},"faces":{"north":{"uv":[2,0,0,0],"texture":"#0"},"east":{"uv":[2,0,0,0],"texture":"#0"},"south":{"uv":[2,0,0,0],"texture":"#0"},"west":{"uv":[2,0,0,0],"texture":"#0"},"up":{"uv":[0,2,2,0],"texture":"#0"},"down":{"uv":[0,2,2,0],"texture":"#0"}}},{"from":[1.9,24.9,6],"to":[5.9,24.9,10],"rotation":{"angle":0,"axis":"y","origin":[0,0,16]},"faces":{"north":{"uv":[2,0,0,0],"texture":"#0"},"east":{"uv":[2,0,0,0],"texture":"#0"},"south":{"uv":[2,0,0,0],"texture":"#0"},"west":{"uv":[2,0,0,0],"texture":"#0"},"up":{"uv":[0,12.5,2,10.5],"rotation":270,"texture":"#0"},"down":{"uv":[0,2,2,0],"rotation":90,"texture":"#0"}}},{"from":[6,19,-3],"to":[10,19,-1],"rotation":{"angle":22.5,"axis":"x","origin":[0,0,16]},"faces":{"north":{"uv":[2,0,0,0],"texture":"#0"},"east":{"uv":[1,0,0,0],"texture":"#0"},"south":{"uv":[2,0,0,0],"texture":"#0"},"west":{"uv":[1,0,0,0],"texture":"#0"},"up":{"uv":[0,1.5,2,0.5],"texture":"#0"},"down":{"uv":[0,1,2,0],"texture":"#0"}}},{"from":[6,24.8,10.2],"to":[10,24.8,14.2],"faces":{"north":{"uv":[0,0,2,0],"texture":"#0"},"east":{"uv":[0,0,2,0],"texture":"#0"},"south":{"uv":[0,0,2,0],"texture":"#0"},"west":{"uv":[0,0,2,0],"texture":"#0"},"up":{"uv":[0,6,2,8],"texture":"#0"},"down":{"uv":[0,0,2,2],"texture":"#0"}}},{"from":[6,27.55,-7.55],"to":[10,27.55,-5.55],"rotation":{"angle":45,"axis":"x","origin":[0,0,0]},"faces":{"north":{"uv":[0,0,2,0],"texture":"#0"},"east":{"uv":[0,0,1,0],"texture":"#0"},"south":{"uv":[0,0,2,0],"texture":"#0"},"west":{"uv":[0,0,1,0],"texture":"#0"},"up":{"uv":[0,0.5,2,1.5],"texture":"#0"},"down":{"uv":[0,0,2,1],"texture":"#0"}}},{"from":[16.95,16.3,6],"to":[18.95,16.3,10],"rotation":{"angle":45,"axis":"z","origin":[0,0,0]},"faces":{"north":{"uv":[0,0,1,0],"texture":"#0"},"east":{"uv":[0,0,2,0],"texture":"#0"},"south":{"uv":[0,0,1,0],"texture":"#0"},"west":{"uv":[0,0,2,0],"texture":"#0"},"up":{"uv":[0,0.5,2,1.5],"rotation":90,"texture":"#0"},"down":{"uv":[0,0,2,1],"rotation":270,"texture":"#0"}}},{"from":[6,11.7,23.3],"to":[10,15.7,23.3],"rotation":{"angle":-22.5,"axis":"x","origin":[0,0,0]},"faces":{"north":{"uv":[0,0,2,2],"rotation":180,"texture":"#0"},"east":{"uv":[0,0,2,0],"rotation":270,"texture":"#0"},"south":{"uv":[0,10,2,12],"texture":"#0"},"west":{"uv":[0,0,2,0],"rotation":90,"texture":"#0"},"up":{"uv":[0,0,2,0],"rotation":180,"texture":"#0"},"down":{"uv":[0,0,2,0],"texture":"#0"}}},{"from":[-8.55,17.95,6],"to":[-8.55,21.95,10],"rotation":{"angle":-22.5,"axis":"z","origin":[0,0,0]},"faces":{"north":{"uv":[0,0,2,0],"rotation":90,"texture":"#0"},"east":{"uv":[0,0,2,2],"rotation":180,"texture":"#0"},"south":{"uv":[0,0,2,0],"rotation":270,"texture":"#0"},"west":{"uv":[0,10,2,12],"texture":"#0"},"up":{"uv":[0,0,2,0],"rotation":270,"texture":"#0"},"down":{"uv":[0,0,2,0],"rotation":270,"texture":"#0"}}},{"from":[18.1,25.2,6],"to":[20.1,25.2,10],"rotation":{"angle":22.5,"axis":"z","origin":[16,0,0]},"faces":{"north":{"uv":[1,0,0,0],"texture":"#0"},"east":{"uv":[2,0,0,0],"texture":"#0"},"south":{"uv":[1,0,0,0],"texture":"#0"},"west":{"uv":[2,0,0,0],"texture":"#0"},"up":{"uv":[0,12,2,11],"rotation":90,"texture":"#0"},"down":{"uv":[1,0,0,2],"texture":"#0"}}},{"from":[10.1,24.9,6],"to":[14.1,24.9,10],"rotation":{"angle":0,"axis":"y","origin":[16,0,16]},"faces":{"north":{"uv":[0,0,2,0],"texture":"#0"},"east":{"uv":[0,0,2,0],"texture":"#0"},"south":{"uv":[0,0,2,0],"texture":"#0"},"west":{"uv":[0,0,2,0],"texture":"#0"},"up":{"uv":[0,10.5,2,12.5],"rotation":270,"texture":"#0"},"down":{"uv":[0,0,2,2],"rotation":90,"texture":"#0"}}},{"from":[-2.95,16.3,6],"to":[-0.95,16.3,10],"rotation":{"angle":-45,"axis":"z","origin":[16,0,0]},"faces":{"north":{"uv":[1,0,0,0],"texture":"#0"},"east":{"uv":[2,0,0,0],"texture":"#0"},"south":{"uv":[1,0,0,0],"texture":"#0"},"west":{"uv":[2,0,0,0],"texture":"#0"},"up":{"uv":[0,1.5,2,0.5],"rotation":90,"texture":"#0"},"down":{"uv":[0,1,2,0],"rotation":270,"texture":"#0"}}},{"from":[16.95,11.8,6],"to":[16.95,19.8,10],"rotation":{"angle":0,"axis":"y","origin":[16,0,0]},"faces":{"north":{"uv":[0,0,4,0],"rotation":270,"texture":"#0"},"east":{"uv":[0,16,2,12],"rotation":180,"texture":"#0"},"south":{"uv":[0,0,4,0],"rotation":90,"texture":"#0"},"west":{"uv":[0,12,2,16],"texture":"#0"},"up":{"uv":[0,0,2,0],"rotation":90,"texture":"#0"},"down":{"uv":[0,0,2,0],"rotation":90,"texture":"#0"}}},{"from":[24.55,17.95,6],"to":[24.55,21.95,10],"rotation":{"angle":22.5,"axis":"z","origin":[16,0,0]},"faces":{"north":{"uv":[0,0,2,0],"rotation":90,"texture":"#0"},"east":{"uv":[2,10,0,12],"texture":"#0"},"south":{"uv":[0,0,2,0],"rotation":270,"texture":"#0"},"west":{"uv":[2,0,0,2],"rotation":180,"texture":"#0"},"up":{"uv":[0,0,2,0],"rotation":270,"texture":"#0"},"down":{"uv":[0,0,2,0],"rotation":270,"texture":"#0"}}},{"from":[6,11.7,17.05],"to":[10,19.7,17.05],"faces":{"north":{"uv":[2,16,0,12],"rotation":180,"texture":"#0"},"east":{"uv":[0,0,4,0],"rotation":270,"texture":"#0"},"south":{"uv":[2,12,0,16],"texture":"#0"},"west":{"uv":[0,0,4,0],"rotation":90,"texture":"#0"},"up":{"uv":[0,0,2,0],"rotation":180,"texture":"#0"},"down":{"uv":[0,0,2,0],"texture":"#0"}}},{"from":[-0.95,11.8,6],"to":[-0.95,19.8,10],"faces":{"north":{"uv":[0,0,4,0],"rotation":270,"texture":"#0"},"east":{"uv":[2,12,0,16],"texture":"#0"},"south":{"uv":[0,0,4,0],"rotation":90,"texture":"#0"},"west":{"uv":[2,16,0,12],"rotation":180,"texture":"#0"},"up":{"uv":[0,0,2,0],"rotation":90,"texture":"#0"},"down":{"uv":[0,0,2,0],"rotation":90,"texture":"#0"}}},{"from":[-4.1,25.2,6],"to":[-2.1,25.2,10],"rotation":{"angle":-22.5,"axis":"z","origin":[0,0,0]},"faces":{"north":{"uv":[0,0,1,0],"texture":"#0"},"east":{"uv":[0,0,2,0],"texture":"#0"},"south":{"uv":[0,0,1,0],"texture":"#0"},"west":{"uv":[0,0,2,0],"texture":"#0"},"up":{"uv":[0,11,2,12],"rotation":90,"texture":"#0"},"down":{"uv":[0,0,1,2],"texture":"#0"}}},{"from":[3.5,0.5,7.5],"to":[5,2,9],"rotation":{"angle":-45,"axis":"z","origin":[4,0,4]},"faces":{"north":{"uv":[14.5,12.5,15.25,13.25],"texture":"#0"},"east":{"uv":[12.5,10.5,13.25,11.25],"texture":"#0"},"south":{"uv":[13,10.5,13.75,11.25],"texture":"#0"},"west":{"uv":[13.75,12.5,13,13.25],"texture":"#0"},"up":{"uv":[14,9,14.75,9.75],"texture":"#0"},"down":{"uv":[11.5,12.5,12.25,13.25],"texture":"#0"}}},{"from":[16,21.25,-2],"to":[17,22.25,-1],"rotation":{"angle":22.5,"axis":"x","origin":[4,0,4]},"faces":{"north":{"uv":[15,11.5,15.5,12],"texture":"#0"},"east":{"uv":[15,11.5,15.5,12],"texture":"#0"},"south":{"uv":[15,11,15.5,11.5],"texture":"#0"},"west":{"uv":[15,11.5,15.5,12],"texture":"#0"},"up":{"uv":[15,11.5,15.5,12],"texture":"#0"},"down":{"uv":[15,11.5,15.5,12],"texture":"#0"}}},{"from":[16,19.5,-2],"to":[17,20.5,-1],"rotation":{"angle":22.5,"axis":"x","origin":[4,0,4]},"faces":{"north":{"uv":[15,11.5,16,12.5],"texture":"#0"},"east":{"uv":[15,11.5,16,12.5],"texture":"#0"},"south":{"uv":[15,11,16,12],"texture":"#0"},"west":{"uv":[15,11.5,16,12.5],"texture":"#0"},"up":{"uv":[15,11.5,16,12.5],"texture":"#0"},"down":{"uv":[15,11.5,16,12.5],"texture":"#0"}}},{"from":[15.5,20,-2.5],"to":[17.5,22,-0.5],"rotation":{"angle":22.5,"axis":"x","origin":[4,0,4]},"faces":{"north":{"uv":[14.5,12.5,15.25,13.25],"texture":"#0"},"east":{"uv":[12.5,10.5,13.25,11.25],"texture":"#0"},"south":{"uv":[13,10.5,13.75,11.25],"texture":"#0"},"west":{"uv":[13.75,12.5,13,13.25],"texture":"#0"},"up":{"uv":[14,9,14.75,9.75],"texture":"#0"},"down":{"uv":[11.5,12.5,12.25,13.25],"texture":"#0"}}},{"from":[-7.5,13,6.75],"to":[-6.5,14,7.75],"rotation":{"angle":-22.5,"axis":"z","origin":[4,0,4]},"faces":{"north":{"uv":[13.5,10.25,14,10.75],"texture":"#0"},"east":{"uv":[13.5,10.25,14,10.75],"texture":"#0"},"south":{"uv":[13.5,9.75,14,10.25],"texture":"#0"},"west":{"uv":[13.5,10.25,14,10.75],"texture":"#0"},"up":{"uv":[13.5,10.25,14,10.75],"texture":"#0"},"down":{"uv":[13.5,10.25,14,10.75],"texture":"#0"}}},{"from":[-7.5,11.75,6.75],"to":[-6.5,12.75,7.75],"rotation":{"angle":-22.5,"axis":"z","origin":[4,0,4]},"faces":{"north":{"uv":[13.5,10.25,14,10.75],"texture":"#0"},"east":{"uv":[13.5,10.25,14,10.75],"texture":"#0"},"south":{"uv":[13.5,9.75,14,10.25],"texture":"#0"},"west":{"uv":[13.5,10.25,14,10.75],"texture":"#0"},"up":{"uv":[13.5,10.25,14,10.75],"texture":"#0"},"down":{"uv":[13.5,10.25,14,10.75],"texture":"#0"}}},{"from":[-7.75,12.25,6.5],"to":[-6.25,13.75,8],"rotation":{"angle":-22.5,"axis":"z","origin":[4,0,4]},"faces":{"north":{"uv":[13,11.25,13.75,12],"texture":"#0"},"east":{"uv":[11,9.25,11.75,10],"texture":"#0"},"south":{"uv":[11.5,9.25,12.25,10],"texture":"#0"},"west":{"uv":[12.25,11.25,11.5,12],"texture":"#0"},"up":{"uv":[12.5,7.75,13.25,8.5],"texture":"#0"},"down":{"uv":[10,11.25,10.75,12],"texture":"#0"}}},{"from":[-8.575,10.8125,13.4375],"to":[-7.075,12.3125,13.4375],"rotation":{"angle":45,"axis":"y","origin":[4,-8.5,-3]},"faces":{"north":{"uv":[2.5,2.5,4.5,0.5],"texture":"#0"},"east":{"uv":[0,0,0,1],"texture":"#0"},"south":{"uv":[2.5,2.5,4.5,0.5],"texture":"#0"},"west":{"uv":[0,0,0,1],"texture":"#0"},"up":{"uv":[0,0,1,0],"texture":"#0"},"down":{"uv":[0,0,1,0],"texture":"#0"}}},{"from":[19.675,10.8125,8.6875],"to":[21.175,12.3125,8.6875],"rotation":{"angle":-45,"axis":"y","origin":[4,-8.5,-3]},"faces":{"north":{"uv":[2.5,2.5,4.5,0.5],"texture":"#0"},"east":{"uv":[0,0,0,1],"texture":"#0"},"south":{"uv":[2.5,2.5,4.5,0.5],"texture":"#0"},"west":{"uv":[0,0,0,1],"texture":"#0"},"up":{"uv":[0,0,1,0],"texture":"#0"},"down":{"uv":[0,0,1,0],"texture":"#0"}}},{"from":[6.625,13.625,16.125],"to":[8.125,15.125,17.625],"rotation":{"angle":0,"axis":"y","origin":[4,-8.5,-3]},"faces":{"north":{"uv":[15,11.5,16,12.5],"texture":"#0"},"east":{"uv":[15,11.5,16,12.5],"texture":"#0"},"south":{"uv":[15,11.5,16,12.5],"texture":"#0"},"west":{"uv":[15,11.5,16,12.5],"texture":"#0"},"up":{"uv":[15,11.5,16,12.5],"texture":"#0"},"down":{"uv":[15,11.5,16,12.5],"texture":"#0"}}},{"from":[6.625,11.45,16.125],"to":[8.125,12.95,17.625],"rotation":{"angle":0,"axis":"y","origin":[4,-8.5,-3]},"faces":{"north":{"uv":[15,11.5,16,12.5],"texture":"#0"},"east":{"uv":[15,11.5,16,12.5],"texture":"#0"},"south":{"uv":[15,11.5,16,12.5],"texture":"#0"},"west":{"uv":[15,11.5,16,12.5],"texture":"#0"},"up":{"uv":[15,11.5,16,12.5],"texture":"#0"},"down":{"uv":[15,11.5,16,12.5],"texture":"#0"}}},{"from":[10.625,-10.375,12.125],"to":[12.125,-8.875,13.625],"rotation":{"angle":-45,"axis":"x","origin":[4,-8.5,-3]},"faces":{"north":{"uv":[15,11.5,16,12.5],"texture":"#0"},"east":{"uv":[15,11.5,16,12.5],"texture":"#0"},"south":{"uv":[15,11.5,16,12.5],"texture":"#0"},"west":{"uv":[15,11.5,16,12.5],"texture":"#0"},"up":{"uv":[15,11.5,16,12.5],"texture":"#0"},"down":{"uv":[15,11.5,16,12.5],"texture":"#0"}}},{"from":[10.25,-11.5,11.75],"to":[12.5,-9.25,14],"rotation":{"angle":-45,"axis":"x","origin":[4,-8.5,-3]},"faces":{"north":{"uv":[14.5,12.5,16,14],"texture":"#0"},"east":{"uv":[12.5,10.5,14,12],"texture":"#0"},"south":{"uv":[13,11,14.5,12.5],"texture":"#0"},"west":{"uv":[14.5,12.5,13,14],"texture":"#0"},"up":{"uv":[14,9,15.5,10.5],"texture":"#0"},"down":{"uv":[11.5,12.5,13,14],"texture":"#0"}}},{"from":[10.625,-12.55,12.125],"to":[12.125,-11.05,13.625],"rotation":{"angle":-45,"axis":"x","origin":[4,-8.5,-3]},"faces":{"north":{"uv":[15,11.5,16,12.5],"texture":"#0"},"east":{"uv":[15,11.5,16,12.5],"texture":"#0"},"south":{"uv":[15,11.5,16,12.5],"texture":"#0"},"west":{"uv":[15,11.5,16,12.5],"texture":"#0"},"up":{"uv":[15,11.5,16,12.5],"texture":"#0"},"down":{"uv":[15,11.5,16,12.5],"texture":"#0"}}},{"from":[6.25,12.5,15.75],"to":[8.5,14.75,18],"rotation":{"angle":0,"axis":"y","origin":[4,-8.5,-3]},"faces":{"north":{"uv":[14.5,12.5,16,14],"texture":"#0"},"east":{"uv":[12.5,10.5,14,12],"texture":"#0"},"south":{"uv":[13,11,14.5,12.5],"texture":"#0"},"west":{"uv":[14.5,12.5,13,14],"texture":"#0"},"up":{"uv":[14,9,15.5,10.5],"texture":"#0"},"down":{"uv":[11.5,12.5,13,14],"texture":"#0"}}},{"from":[20.625,17.5625,-8.2125],"to":[22.125,19.0625,-8.2125],"rotation":{"angle":-45,"axis":"y","origin":[5,-2,-20]},"faces":{"north":{"uv":[2.5,2.5,4.5,0.5],"texture":"#0"},"east":{"uv":[0,0,0,1],"texture":"#0"},"south":{"uv":[2.5,2.5,4.5,0.5],"texture":"#0"},"west":{"uv":[0,0,0,1],"texture":"#0"},"up":{"uv":[0,0,1,0],"texture":"#0"},"down":{"uv":[0,0,1,0],"texture":"#0"}}},{"from":[7.625,20.125,-0.875],"to":[9.125,21.625,0.625],"rotation":{"angle":0,"axis":"y","origin":[5,-2,-20]},"faces":{"north":{"uv":[15,11.5,16,12.5],"texture":"#0"},"east":{"uv":[15,11.5,16,12.5],"texture":"#0"},"south":{"uv":[15,11.5,16,12.5],"texture":"#0"},"west":{"uv":[15,11.5,16,12.5],"texture":"#0"},"up":{"uv":[15,11.5,16,12.5],"texture":"#0"},"down":{"uv":[15,11.5,16,12.5],"texture":"#0"}}},{"from":[7.625,18.25,-0.875],"to":[9.125,19.75,0.625],"rotation":{"angle":0,"axis":"y","origin":[5,-2,-20]},"faces":{"north":{"uv":[15,11.5,16,12.5],"texture":"#0"},"east":{"uv":[15,11.5,16,12.5],"texture":"#0"},"south":{"uv":[15,11.5,16,12.5],"texture":"#0"},"west":{"uv":[15,11.5,16,12.5],"texture":"#0"},"up":{"uv":[15,11.5,16,12.5],"texture":"#0"},"down":{"uv":[15,11.5,16,12.5],"texture":"#0"}}},{"from":[7.25,19,-1.25],"to":[9.5,21.25,1],"rotation":{"angle":0,"axis":"y","origin":[5,-2,-20]},"faces":{"north":{"uv":[14.5,12.5,16,14],"texture":"#0"},"east":{"uv":[12.5,10.5,14,12],"texture":"#0"},"south":{"uv":[13,11,14.5,12.5],"texture":"#0"},"west":{"uv":[14.5,12.5,13,14],"texture":"#0"},"up":{"uv":[14,9,15.5,10.5],"texture":"#0"},"down":{"uv":[11.5,12.5,13,14],"texture":"#0"}}},{"from":[3.75,0,7.75],"to":[4.75,1,8.75],"rotation":{"angle":-45,"axis":"z","origin":[4,0,4]},"faces":{"north":{"uv":[15,11.5,16,12.5],"texture":"#0"},"east":{"uv":[15,11.5,16,12.5],"texture":"#0"},"south":{"uv":[15,11,16,12],"texture":"#0"},"west":{"uv":[15,11.5,16,12.5],"texture":"#0"},"up":{"uv":[15,11.5,16,12.5],"texture":"#0"},"down":{"uv":[15,11.5,16,12.5],"texture":"#0"}}},{"from":[3.75,1.25,7.75],"to":[4.75,2.25,8.75],"rotation":{"angle":-45,"axis":"z","origin":[4,0,4]},"faces":{"north":{"uv":[15,11.5,15.5,12],"texture":"#0"},"east":{"uv":[15,11.5,15.5,12],"texture":"#0"},"south":{"uv":[15,11,15.5,11.5],"texture":"#0"},"west":{"uv":[15,11.5,15.5,12],"texture":"#0"},"up":{"uv":[15,11.5,15.5,12],"texture":"#0"},"down":{"uv":[15,11.5,15.5,12],"texture":"#0"}}}],"gui_light":"front","display":{"fixed":{"rotation":[-90,0,0],"translation":[0,0,-16],"scale":[2,2,2]}}}