{"credit":"Made with Blockbench","ambientocclusion":false,"texture_size":[64,64],"textures":{"0":"hz0b9qrvr:obf/n/f/i/3/t/s/q/t/v/1/.","particle":"hz0b9qrvr:obf/n/f/i/3/t/s/q/t/v/1/."},"elements":[{"from":[5,7,1],"to":[10,12,8],"faces":{"north":{"uv":[0,5.25,1.25,6.5],"texture":"#0"},"east":{"uv":[1.75,2,3.5,3.25],"texture":"#0"},"south":{"uv":[5.25,3.5,6.5,4.75],"texture":"#0"},"west":{"uv":[1.75,3.25,3.5,4.5],"texture":"#0"},"up":{"uv":[1.25,5.25,0,3.5],"texture":"#0"},"down":{"uv":[4.75,2,3.5,3.75],"texture":"#0"}}},{"from":[3.975,5,2],"to":[11.025,10,9],"rotation":{"angle":22.5,"axis":"x","origin":[0,0,0]},"faces":{"north":{"uv":[3.5,3.75,5.25,5],"texture":"#0"},"east":{"uv":[4,0,5.75,1.25],"texture":"#0"},"south":{"uv":[1.25,4.5,3,5.75],"texture":"#0"},"west":{"uv":[4.75,1.25,6.5,2.5],"texture":"#0"},"up":{"uv":[1.75,1.75,0,0],"texture":"#0"},"down":{"uv":[1.75,1.75,0,3.5],"texture":"#0"}}},{"from":[3,0.54464,9.14175],"to":[12,3.79464,13.14175],"rotation":{"angle":0,"axis":"y","origin":[1,-0.20536,5.14175]},"faces":{"north":{"uv":[4.75,2.5,7,3.375],"texture":"#0"},"east":{"uv":[2.5,6,3.5,6.875],"texture":"#0"},"south":{"uv":[3,5,5.25,5.875],"texture":"#0"},"west":{"uv":[3.5,6,4.5,6.875],"texture":"#0"},"up":{"uv":[4,1,1.75,0],"texture":"#0"},"down":{"uv":[4,1,1.75,2],"texture":"#0"}}},{"from":[4,0.86378,12.66413],"to":[11,3.11378,14.66413],"rotation":{"angle":-22.5,"axis":"x","origin":[2,-1.88622,6.66413]},"faces":{"north":{"uv":[5.25,4.75,7,5.375],"texture":"#0"},"east":{"uv":[4,1.25,4.5,1.875],"texture":"#0"},"south":{"uv":[5.25,5.5,7,6.125],"texture":"#0"},"west":{"uv":[7,1.75,7.5,2.375],"texture":"#0"},"up":{"uv":[7.5,1.25,5.75,0.75],"texture":"#0"},"down":{"uv":[6.25,6.25,4.5,6.75],"texture":"#0"}}},{"from":[5,12,7],"to":[6,13,8],"faces":{"north":{"uv":[4.5,1.75,4.75,2],"texture":"#0"},"east":{"uv":[4.75,3.5,5,3.75],"texture":"#0"},"south":{"uv":[5,3.5,5.25,3.75],"texture":"#0"},"west":{"uv":[2.5,5.75,2.75,6],"texture":"#0"},"up":{"uv":[3,6,2.75,5.75],"texture":"#0"},"down":{"uv":[4.75,6,4.5,6.25],"texture":"#0"}}},{"from":[9,12,7],"to":[10,13,8],"rotation":{"angle":0,"axis":"y","origin":[16,0,0]},"faces":{"north":{"uv":[4.75,6,5,6.25],"texture":"#0"},"east":{"uv":[5,6,5.25,6.25],"texture":"#0"},"south":{"uv":[6.5,2.25,6.75,2.5],"texture":"#0"},"west":{"uv":[6.5,4.5,6.75,4.75],"texture":"#0"},"up":{"uv":[7,2.5,6.75,2.25],"texture":"#0"},"down":{"uv":[7,4.5,6.75,4.75],"texture":"#0"}}},{"from":[4.025,-1.99597,4.26118],"to":[6,1.85403,6.26118],"rotation":{"angle":22.5,"axis":"z","origin":[0,2.85403,-0.23882]},"faces":{"north":{"uv":[1.25,3.5,1.75,4.5],"texture":"#0"},"east":{"uv":[6.25,6.25,6.75,7.25],"texture":"#0"},"south":{"uv":[0,6.5,0.5,7.5],"texture":"#0"},"west":{"uv":[0.5,6.5,1,7.5],"texture":"#0"},"up":{"uv":[3.5,5,3,4.5],"texture":"#0"},"down":{"uv":[3,7,2.5,7.5],"texture":"#0"}}},{"from":[8,0.00403,4.26118],"to":[9.975,3.85403,6.26118],"rotation":{"angle":0,"axis":"y","origin":[16,2.85403,-0.23882]},"faces":{"north":{"uv":[1,6.5,1.5,7.5],"texture":"#0"},"east":{"uv":[6.5,1.25,7,2.25],"texture":"#0"},"south":{"uv":[1.5,6.5,2,7.5],"texture":"#0"},"west":{"uv":[2,6.5,2.5,7.5],"texture":"#0"},"up":{"uv":[7.5,3,7,2.5],"texture":"#0"},"down":{"uv":[3.5,7,3,7.5],"texture":"#0"}}},{"from":[9.75,0.00403,8.13618],"to":[11.725,1.60403,12.13618],"rotation":{"angle":0,"axis":"y","origin":[16,2.85403,-0.23882]},"faces":{"north":{"uv":[7,5,7.5,5.375],"texture":"#0"},"east":{"uv":[6.75,6.25,7.75,6.625],"texture":"#0"},"south":{"uv":[7,5.5,7.5,5.875],"texture":"#0"},"west":{"uv":[6.75,6.75,7.75,7.125],"texture":"#0"},"up":{"uv":[7,4.5,6.5,3.5],"texture":"#0"},"down":{"uv":[5,6.75,4.5,7.75],"texture":"#0"}}},{"from":[3.275,0.00403,8.13618],"to":[5.25,1.60403,12.13618],"rotation":{"angle":0,"axis":"y","origin":[0,2.85403,-0.23882]},"faces":{"north":{"uv":[6,7.25,6.5,7.625],"texture":"#0"},"east":{"uv":[7,0,8,0.375],"texture":"#0"},"south":{"uv":[6.5,7.25,7,7.625],"texture":"#0"},"west":{"uv":[7,1.25,8,1.625],"texture":"#0"},"up":{"uv":[5.5,7.75,5,6.75],"texture":"#0"},"down":{"uv":[6,6.75,5.5,7.75],"texture":"#0"}}},{"from":[5.025,6,1.5],"to":[9.975,9,2],"rotation":{"angle":22.5,"axis":"x","origin":[0,0,0]},"faces":{"north":{"uv":[5.75,0,7,0.75],"texture":"#0"},"east":{"uv":[2,7.5,2.125,8.25],"texture":"#0"},"south":{"uv":[1.25,5.75,2.5,6.5],"texture":"#0"},"west":{"uv":[2.25,7.5,2.375,8.25],"texture":"#0"},"up":{"uv":[8.25,0.625,7,0.5],"texture":"#0"},"down":{"uv":[8.25,6,7,6.125],"texture":"#0"}}},{"from":[6.5,12,5],"to":[8.5,14,7],"faces":{"north":{"uv":[7,3,7.5,3.5],"texture":"#0"},"east":{"uv":[3.5,7,4,7.5],"texture":"#0"},"south":{"uv":[7,3.5,7.5,4],"texture":"#0"},"west":{"uv":[4,7,4.5,7.5],"texture":"#0"},"up":{"uv":[7.5,4.5,7,4],"texture":"#0"},"down":{"uv":[7.5,4.5,7,5],"texture":"#0"}}},{"from":[0.5472,23.15381,5.75],"to":[1.0472,23.65381,6.25],"rotation":{"angle":-45,"axis":"z","origin":[-6.7028,9.40381,-1]},"faces":{"north":{"uv":[0,8,0.125,8.125],"texture":"#0"},"east":{"uv":[8,0,8.125,0.125],"texture":"#0"},"south":{"uv":[0.25,8,0.375,8.125],"texture":"#0"},"west":{"uv":[8,0.25,8.125,0.375],"texture":"#0"},"up":{"uv":[0.625,8.125,0.5,8],"texture":"#0"},"down":{"uv":[0.875,8,0.75,8.125],"texture":"#0"}}},{"from":[8.5,14,6],"to":[10,15.5,6],"faces":{"north":{"uv":[0.625,8.25,1,8.625],"texture":"#0"},"east":{"uv":[0,0,0,0.375],"texture":"#0"},"south":{"uv":[0.125,8.25,0.5,8.625],"texture":"#0"},"west":{"uv":[0,0,0,0.375],"texture":"#0"},"up":{"uv":[0.375,0,0,0],"texture":"#0"},"down":{"uv":[0.375,0,0,0],"texture":"#0"}}},{"from":[12.9528,22.40381,5.75],"to":[13.4528,22.90381,6.25],"rotation":{"angle":45,"axis":"z","origin":[22.7028,9.40381,-1]},"faces":{"north":{"uv":[8,0.75,8.125,0.875],"texture":"#0"},"east":{"uv":[1,8,1.125,8.125],"texture":"#0"},"south":{"uv":[8,1,8.125,1.125],"texture":"#0"},"west":{"uv":[1.25,8,1.375,8.125],"texture":"#0"},"up":{"uv":[8.125,1.375,8,1.25],"texture":"#0"},"down":{"uv":[1.625,8,1.5,8.125],"texture":"#0"}}},{"from":[1.425,6,6.25],"to":[1.425,7,7.25],"rotation":{"angle":-22.5,"axis":"z","origin":[0,0,0]},"faces":{"north":{"uv":[0,0,0,0.25],"texture":"#0"},"east":{"uv":[7.5,2.75,7.75,3],"texture":"#0"},"south":{"uv":[0,0,0,0.25],"texture":"#0"},"west":{"uv":[3,7.5,3.25,7.75],"texture":"#0"},"up":{"uv":[0,0.25,0,0],"texture":"#0"},"down":{"uv":[0,0,0,0.25],"texture":"#0"}}},{"from":[1.875,5,9.25],"to":[1.875,6,10.25],"rotation":{"angle":-22.5,"axis":"z","origin":[0,0,0]},"faces":{"north":{"uv":[0,0,0,0.25],"texture":"#0"},"east":{"uv":[7.5,3,7.75,3.25],"texture":"#0"},"south":{"uv":[0,0,0,0.25],"texture":"#0"},"west":{"uv":[3.25,7.5,3.5,7.75],"texture":"#0"},"up":{"uv":[0,0.25,0,0],"texture":"#0"},"down":{"uv":[0,0,0,0.25],"texture":"#0"}}},{"from":[1.1455,2.68622,11.14175],"to":[1.1455,3.68622,12.14175],"rotation":{"angle":-22.5,"axis":"z","origin":[-0.1045,-1.41378,-0.10825]},"faces":{"north":{"uv":[0,0,0,0.25],"texture":"#0"},"east":{"uv":[7.5,3.25,7.75,3.5],"texture":"#0"},"south":{"uv":[0,0,0,0.25],"texture":"#0"},"west":{"uv":[3.5,7.5,3.75,7.75],"texture":"#0"},"up":{"uv":[0,0.25,0,0],"texture":"#0"},"down":{"uv":[0,0,0,0.25],"texture":"#0"}}},{"from":[2.25,4,5],"to":[2.25,5,6],"rotation":{"angle":-22.5,"axis":"z","origin":[0,0,0]},"faces":{"north":{"uv":[0,0,0,0.25],"texture":"#0"},"east":{"uv":[7.5,3.75,7.75,4],"texture":"#0"},"south":{"uv":[0,0,0,0.25],"texture":"#0"},"west":{"uv":[4,7.5,4.25,7.75],"texture":"#0"},"up":{"uv":[0,0.25,0,0],"texture":"#0"},"down":{"uv":[0,0,0,0.25],"texture":"#0"}}},{"from":[4.9955,6.83622,9.59175],"to":[5.9955,6.83622,10.59175],"rotation":{"angle":0,"axis":"y","origin":[-0.1045,-1.41378,-0.10825]},"faces":{"north":{"uv":[0,0,0.25,0],"texture":"#0"},"east":{"uv":[0,0,0.25,0],"texture":"#0"},"south":{"uv":[0,0,0.25,0],"texture":"#0"},"west":{"uv":[0,0,0.25,0],"texture":"#0"},"up":{"uv":[7.75,5,7.5,4.75],"texture":"#0"},"down":{"uv":[7.75,5,7.5,5.25],"texture":"#0"}}},{"from":[8.9955,6.03622,11.59175],"to":[9.9955,6.03622,12.59175],"rotation":{"angle":0,"axis":"y","origin":[-0.1045,-1.41378,-0.10825]},"faces":{"north":{"uv":[0,0,0.25,0],"texture":"#0"},"east":{"uv":[0,0,0.25,0],"texture":"#0"},"south":{"uv":[0,0,0.25,0],"texture":"#0"},"west":{"uv":[0,0,0.25,0],"texture":"#0"},"up":{"uv":[7.75,5.5,7.5,5.25],"texture":"#0"},"down":{"uv":[7.75,5.5,7.5,5.75],"texture":"#0"}}},{"from":[7.9955,3.03622,11.34175],"to":[8.9955,3.03622,12.34175],"rotation":{"angle":-22.5,"axis":"x","origin":[-0.1045,-1.41378,-0.10825]},"faces":{"north":{"uv":[0,0,0.25,0],"texture":"#0"},"east":{"uv":[0,0,0.25,0],"texture":"#0"},"south":{"uv":[0,0,0.25,0],"texture":"#0"},"west":{"uv":[0,0,0.25,0],"texture":"#0"},"up":{"uv":[7.75,6,7.5,5.75],"texture":"#0"},"down":{"uv":[7.75,7.25,7.5,7.5],"texture":"#0"}}},{"from":[3.9955,5.03622,9.49175],"to":[4.9955,5.03622,10.49175],"rotation":{"angle":-22.5,"axis":"x","origin":[-0.1045,-1.41378,-0.10825]},"faces":{"north":{"uv":[0,0,0.25,0],"texture":"#0"},"east":{"uv":[0,0,0.25,0],"texture":"#0"},"south":{"uv":[0,0,0.25,0],"texture":"#0"},"west":{"uv":[0,0,0.25,0],"texture":"#0"},"up":{"uv":[7.75,7.75,7.5,7.5],"texture":"#0"},"down":{"uv":[8,0.75,7.75,1],"texture":"#0"}}},{"from":[1.3,9,3.5],"to":[1.3,10,4.5],"rotation":{"angle":-22.5,"axis":"z","origin":[0,0,0]},"faces":{"north":{"uv":[0,0,0,0.25],"texture":"#0"},"east":{"uv":[7.75,1,8,1.25],"texture":"#0"},"south":{"uv":[0,0,0,0.25],"texture":"#0"},"west":{"uv":[7.75,1.75,8,2],"texture":"#0"},"up":{"uv":[0,0.25,0,0],"texture":"#0"},"down":{"uv":[0,0,0,0.25],"texture":"#0"}}},{"from":[5.025,-0.13717,-0.5043],"to":[6.1,0.86283,-0.5043],"rotation":{"angle":45,"axis":"x","origin":[16.825,-2.13717,6.5457]},"faces":{"north":{"uv":[7.75,2,8,2.25],"texture":"#0"},"east":{"uv":[0,0,0,0.25],"texture":"#0"},"south":{"uv":[7.75,2.25,8,2.5],"texture":"#0"},"west":{"uv":[0,0,0,0.25],"texture":"#0"},"up":{"uv":[0.25,0,0,0],"texture":"#0"},"down":{"uv":[0.25,0,0,0],"texture":"#0"}}},{"from":[8,6.025,-1.275],"to":[9,7.025,-1.275],"rotation":{"angle":45,"axis":"x","origin":[16,0,0]},"faces":{"north":{"uv":[3.25,7.75,3.5,8],"texture":"#0"},"east":{"uv":[0,0,0,0.25],"texture":"#0"},"south":{"uv":[7.75,3.25,8,3.5],"texture":"#0"},"west":{"uv":[0,0,0,0.25],"texture":"#0"},"up":{"uv":[0.25,0,0,0],"texture":"#0"},"down":{"uv":[0.25,0,0,0],"texture":"#0"}}},{"from":[9.5,5.69736,0.79678],"to":[10.525,6.69736,0.79678],"rotation":{"angle":45,"axis":"x","origin":[16.475,1.69736,-1.15322]},"faces":{"north":{"uv":[3.75,7.75,4,8],"texture":"#0"},"east":{"uv":[0,0,0,0.25],"texture":"#0"},"south":{"uv":[7.75,3.75,8,4],"texture":"#0"},"west":{"uv":[0,0,0,0.25],"texture":"#0"},"up":{"uv":[0.25,0,0,0],"texture":"#0"},"down":{"uv":[0.25,0,0,0],"texture":"#0"}}},{"from":[13.575,8.9,2],"to":[13.575,9.9,3],"rotation":{"angle":22.5,"axis":"z","origin":[16,0,0]},"faces":{"north":{"uv":[0,0,0,0.25],"texture":"#0"},"east":{"uv":[4,7.75,4.25,8],"texture":"#0"},"south":{"uv":[0,0,0,0.25],"texture":"#0"},"west":{"uv":[7.75,4,8,4.25],"texture":"#0"},"up":{"uv":[0,0.25,0,0],"texture":"#0"},"down":{"uv":[0,0,0,0.25],"texture":"#0"}}},{"from":[11.075,2.87316,3.96498],"to":[11.075,3.87316,5.01498],"rotation":{"angle":0,"axis":"y","origin":[16,-2.12684,1.76498]},"faces":{"north":{"uv":[0,0,0,0.25],"texture":"#0"},"east":{"uv":[4.5,7.75,4.75,8],"texture":"#0"},"south":{"uv":[0,0,0,0.25],"texture":"#0"},"west":{"uv":[7.75,4.5,8,4.75],"texture":"#0"},"up":{"uv":[0,0.25,0,0],"texture":"#0"},"down":{"uv":[0,0,0,0.25],"texture":"#0"}}},{"from":[13.05,5,6],"to":[13.05,6,7],"rotation":{"angle":22.5,"axis":"z","origin":[16,0,0]},"faces":{"north":{"uv":[0,0,0,0.25],"texture":"#0"},"east":{"uv":[5,7.75,5.25,8],"texture":"#0"},"south":{"uv":[0,0,0,0.25],"texture":"#0"},"west":{"uv":[7.75,5,8,5.25],"texture":"#0"},"up":{"uv":[0,0.25,0,0],"texture":"#0"},"down":{"uv":[0,0,0,0.25],"texture":"#0"}}},{"from":[11.075,-0.3422,9.57683],"to":[11.075,0.6578,10.57683],"rotation":{"angle":-22.5,"axis":"x","origin":[16,-4.5922,3.82683]},"faces":{"north":{"uv":[0,0,0,0.25],"texture":"#0"},"east":{"uv":[5.5,7.75,5.75,8],"texture":"#0"},"south":{"uv":[0,0,0,0.25],"texture":"#0"},"west":{"uv":[7.75,5.5,8,5.75],"texture":"#0"},"up":{"uv":[0,0.25,0,0],"texture":"#0"},"down":{"uv":[0,0,0,0.25],"texture":"#0"}}},{"from":[13.7545,2.68622,10.14175],"to":[13.7545,3.68622,11.14175],"rotation":{"angle":22.5,"axis":"z","origin":[16.1045,-1.41378,-0.10825]},"faces":{"north":{"uv":[0,0,0,0.25],"texture":"#0"},"east":{"uv":[5.75,7.75,6,8],"texture":"#0"},"south":{"uv":[0,0,0,0.25],"texture":"#0"},"west":{"uv":[7.75,5.75,8,6],"texture":"#0"},"up":{"uv":[0,0.25,0,0],"texture":"#0"},"down":{"uv":[0,0,0,0.25],"texture":"#0"}}},{"from":[13.325,5.6,9.25],"to":[13.325,6.6,10.25],"rotation":{"angle":22.5,"axis":"z","origin":[16,0,0]},"faces":{"north":{"uv":[0,0,0,0.25],"texture":"#0"},"east":{"uv":[6,7.75,6.25,8],"texture":"#0"},"south":{"uv":[0,0,0,0.25],"texture":"#0"},"west":{"uv":[6.25,7.75,6.5,8],"texture":"#0"},"up":{"uv":[0,0.25,0,0],"texture":"#0"},"down":{"uv":[0,0,0,0.25],"texture":"#0"}}},{"from":[14.05,7.35,6.25],"to":[14.05,8.35,7.25],"rotation":{"angle":22.5,"axis":"z","origin":[16,0,0]},"faces":{"north":{"uv":[0,0,0,0.25],"texture":"#0"},"east":{"uv":[7.75,6.25,8,6.5],"texture":"#0"},"south":{"uv":[0,0,0,0.25],"texture":"#0"},"west":{"uv":[6.5,7.75,6.75,8],"texture":"#0"},"up":{"uv":[0,0.25,0,0],"texture":"#0"},"down":{"uv":[0,0,0,0.25],"texture":"#0"}}},{"from":[8.9955,13.08622,-3.15825],"to":[9.9955,13.08622,-2.15825],"rotation":{"angle":45,"axis":"x","origin":[-0.1045,-1.41378,-0.10825]},"faces":{"north":{"uv":[0,0,0.25,0],"texture":"#0"},"east":{"uv":[0,0,0.25,0],"texture":"#0"},"south":{"uv":[0,0,0.25,0],"texture":"#0"},"west":{"uv":[0,0,0.25,0],"texture":"#0"},"up":{"uv":[8,6.75,7.75,6.5],"texture":"#0"},"down":{"uv":[7,7.75,6.75,8],"texture":"#0"}}},{"from":[7.5205,-7.06378,13.14175],"to":[8.5205,-6.06378,13.14175],"rotation":{"angle":-45,"axis":"x","origin":[-0.1045,-1.41378,-0.10825]},"faces":{"north":{"uv":[7.75,6.75,8,7],"texture":"#0"},"east":{"uv":[0,0,0,0.25],"texture":"#0"},"south":{"uv":[7,7.75,7.25,8],"texture":"#0"},"west":{"uv":[0,0,0,0.25],"texture":"#0"},"up":{"uv":[0.25,0,0,0],"texture":"#0"},"down":{"uv":[0.25,0,0,0],"texture":"#0"}}},{"from":[5.0205,-8.31378,12.64175],"to":[6.0205,-7.31378,12.64175],"rotation":{"angle":-45,"axis":"x","origin":[-0.1045,-1.41378,-0.10825]},"faces":{"north":{"uv":[7.75,7,8,7.25],"texture":"#0"},"east":{"uv":[0,0,0,0.25],"texture":"#0"},"south":{"uv":[7.25,7.75,7.5,8],"texture":"#0"},"west":{"uv":[0,0,0,0.25],"texture":"#0"},"up":{"uv":[0.25,0,0,0],"texture":"#0"},"down":{"uv":[0.25,0,0,0],"texture":"#0"}}},{"from":[9.0205,-4.31378,13.44175],"to":[10.0205,-3.31378,13.44175],"rotation":{"angle":-22.5,"axis":"x","origin":[-0.1045,-1.41378,-0.10825]},"faces":{"north":{"uv":[7.75,7.25,8,7.5],"texture":"#0"},"east":{"uv":[0,0,0,0.25],"texture":"#0"},"south":{"uv":[7.5,7.75,7.75,8],"texture":"#0"},"west":{"uv":[0,0,0,0.25],"texture":"#0"},"up":{"uv":[0.25,0,0,0],"texture":"#0"},"down":{"uv":[0.25,0,0,0],"texture":"#0"}}},{"from":[3.975,8.60965,2.82809],"to":[5,9.60965,2.82809],"rotation":{"angle":45,"axis":"x","origin":[0.025,5.60965,0.05309]},"faces":{"north":{"uv":[7.5,2.5,7.75,2.75],"texture":"#0"},"east":{"uv":[0,0,0,0.25],"texture":"#0"},"south":{"uv":[2.75,7.5,3,7.75],"texture":"#0"},"west":{"uv":[0,0,0,0.25],"texture":"#0"},"up":{"uv":[0.25,0,0,0],"texture":"#0"},"down":{"uv":[0.25,0,0,0],"texture":"#0"}}},{"from":[10,9.70965,2.40309],"to":[11.025,10.70965,2.40309],"rotation":{"angle":45,"axis":"x","origin":[15.975,5.60965,0.05309]},"faces":{"north":{"uv":[7.5,2.25,7.75,2.5],"texture":"#0"},"east":{"uv":[0,0,0,0.25],"texture":"#0"},"south":{"uv":[2.5,7.5,2.75,7.75],"texture":"#0"},"west":{"uv":[0,0,0,0.25],"texture":"#0"},"up":{"uv":[0.25,0,0,0],"texture":"#0"},"down":{"uv":[0.25,0,0,0],"texture":"#0"}}}],"display":{"thirdperson_righthand":{"rotation":[90,0,-179.79],"translation":[-0.25,-1.75,-5.25],"scale":[0.7,0.7,0.7]},"thirdperson_lefthand":{"rotation":[90,0,-179.79],"translation":[-0.25,-1.75,-5.25],"scale":[0.7,0.7,0.7]},"firstperson_righthand":{"rotation":[-180,69.75,-180],"translation":[0,5.5,0.25],"scale":[0.72,0.72,0.72]},"firstperson_lefthand":{"rotation":[-180,69.75,-180],"translation":[0,5.5,0.25],"scale":[0.72,0.72,0.72]},"ground":{"translation":[0,6,0]},"gui":{"rotation":[-167.77,36.7,171.97],"translation":[-0.75,1,0]},"head":{"rotation":[0,-23.75,0],"translation":[1,14.75,-0.25],"scale":[1.04,1.04,1.04]},"fixed":{"rotation":[-90,0,0],"translation":[1,0,-16.5],"scale":[2.3,2.3,2.3]}},"groups":[{"name":"capybara_hat","origin":[8,8,8],"color":0,"nbt":"{}","children":[{"name":"capybara_body","origin":[16,0,0],"color":0,"nbt":"{}","children":[0,1,2,3,4,5,6,7,8,9,10]},{"name":"lemon","origin":[22.7028,9.40381,-1],"color":0,"nbt":"{}","children":[11,12,13,14]},{"name":"hairs","origin":[-0.1045,-1.41378,-0.10825],"color":0,"nbt":"{}","children":[15,16,17,18,19,20,21,22,23,24,25,26,27,28,29,30,31,32,33,34,35,36,37,38,39]}]}]}