{"credit":"momirealms","textures":{"0":"hz0b9qrvr:obf/j/k/v/4/7/9/s/h/x/q/.","1":"2y4dpobve:obf/g/r/r/l/0/2/l/z/d/w/.","2":"loqjmreiy:obf/m/0/r/p/e/n/p/f/7/t/.","particle":"hz0b9qrvr:obf/j/k/v/4/7/9/s/h/x/q/."},"elements":[{"from":[7,0,7],"to":[9,16,9],"faces":{"north":{"uv":[11,0,13,16],"texture":"#0"},"east":{"uv":[8,0,10,16],"texture":"#0"},"south":{"uv":[14,0,16,16],"texture":"#0"},"west":{"uv":[6,0,8,16],"texture":"#0"},"up":{"uv":[8,1,10,3],"texture":"#0"},"down":{"uv":[10,9,12,11],"texture":"#0"}}},{"from":[0,0,11],"to":[16,16,11],"faces":{"north":{"uv":[0,0,16,16],"texture":"#1"},"east":{"uv":[0,0,0,16],"texture":"#1"},"south":{"uv":[0,0,16,16],"texture":"#1"},"west":{"uv":[0,0,0,16],"texture":"#1"},"up":{"uv":[0,0,16,0],"texture":"#1"},"down":{"uv":[0,0,16,0],"texture":"#1"}}},{"from":[0,0,5],"to":[16,16,5],"faces":{"north":{"uv":[0,0,16,16],"texture":"#1"},"east":{"uv":[0,0,0,16],"texture":"#1"},"south":{"uv":[0,0,16,16],"texture":"#1"},"west":{"uv":[0,0,0,16],"texture":"#1"},"up":{"uv":[0,0,16,0],"texture":"#1"},"down":{"uv":[0,0,16,0],"texture":"#1"}}},{"from":[11,0,0],"to":[11,16,16],"faces":{"north":{"uv":[0,0,0,16],"texture":"#1"},"east":{"uv":[0,0,16,16],"texture":"#1"},"south":{"uv":[0,0,0,16],"texture":"#1"},"west":{"uv":[0,0,16,16],"texture":"#1"},"up":{"uv":[0,0,16,0],"rotation":270,"texture":"#1"},"down":{"uv":[0,0,16,0],"rotation":90,"texture":"#1"}}},{"from":[5,0,0],"to":[5,16,16],"faces":{"north":{"uv":[0,0,0,16],"texture":"#1"},"east":{"uv":[0,0,16,16],"texture":"#1"},"south":{"uv":[0,0,0,16],"texture":"#1"},"west":{"uv":[0,0,16,16],"texture":"#1"},"up":{"uv":[0,0,16,0],"rotation":270,"texture":"#1"},"down":{"uv":[0,0,16,0],"rotation":90,"texture":"#1"}}},{"from":[4,7,8],"to":[6,9,10],"faces":{"north":{"uv":[6,4,8,6],"texture":"#2"},"east":{"uv":[7,0,9,2],"texture":"#2"},"south":{"uv":[6,1,8,3],"texture":"#2"},"west":{"uv":[6,2,8,4],"texture":"#2"},"up":{"uv":[10,6,12,8],"texture":"#2"},"down":{"uv":[7,4,9,6],"texture":"#2"}}},{"from":[6.25,4,12],"to":[8.25,6,14],"faces":{"north":{"uv":[6,4,8,6],"texture":"#2"},"east":{"uv":[7,0,9,2],"texture":"#2"},"south":{"uv":[6,1,8,3],"texture":"#2"},"west":{"uv":[6,2,8,4],"texture":"#2"},"up":{"uv":[10,6,12,8],"texture":"#2"},"down":{"uv":[7,4,9,6],"texture":"#2"}}},{"from":[10.25,7,7],"to":[12.25,9,9],"faces":{"north":{"uv":[6,4,8,6],"texture":"#2"},"east":{"uv":[7,0,9,2],"texture":"#2"},"south":{"uv":[6,1,8,3],"texture":"#2"},"west":{"uv":[6,2,8,4],"texture":"#2"},"up":{"uv":[10,6,12,8],"texture":"#2"},"down":{"uv":[7,4,9,6],"texture":"#2"}}},{"from":[10.25,4,3],"to":[12.25,6,5],"faces":{"north":{"uv":[6,4,8,6],"texture":"#2"},"east":{"uv":[7,0,9,2],"texture":"#2"},"south":{"uv":[6,1,8,3],"texture":"#2"},"west":{"uv":[6,2,8,4],"texture":"#2"},"up":{"uv":[10,6,12,8],"texture":"#2"},"down":{"uv":[7,4,9,6],"texture":"#2"}}}],"gui_light":"front","display":{"fixed":{"rotation":[-90,0,0],"translation":[0,0,-16],"scale":[2,2,2]}}}