{"format_version":"1.21.6","credit":"Made with Blockbench","texture_size":[16,32],"textures":{"0":"9zywu6k50:obf/y/k/5/f/x/8/5/1/j/u/.","1":"sydn0au02:obf/o/h/q/e/s/8/r/n/t/6/.","particle":"9zywu6k50:obf/y/k/5/f/x/8/5/1/j/u/."},"elements":[{"from":[-8,0,11],"to":[8,32,11],"rotation":{"angle":45,"axis":"y","origin":[0,0,0]},"faces":{"north":{"uv":[16,0,0,16],"texture":"#0"},"east":{"uv":[0,0,0,16],"texture":"#missing"},"south":{"uv":[0,0,16,16],"texture":"#0"},"west":{"uv":[0,0,0,16],"texture":"#missing"},"up":{"uv":[0,0,16,0],"texture":"#missing"},"down":{"uv":[0,0,16,0],"texture":"#missing"}}},{"from":[2,0,0],"to":[21,32,0],"rotation":{"angle":-45,"axis":"y","origin":[0,0,0]},"faces":{"north":{"uv":[16,0,0,16],"texture":"#0"},"east":{"uv":[0,0,0,16],"texture":"#missing"},"south":{"uv":[0,0,16,16],"texture":"#0"},"west":{"uv":[0,0,0,16],"texture":"#missing"},"up":{"uv":[0,0,16,0],"texture":"#missing"},"down":{"uv":[0,0,16,0],"texture":"#missing"}}},{"from":[3,17,3.5],"to":[5,19,5.5],"rotation":{"angle":0,"axis":"y","origin":[-1,3,0]},"faces":{"north":{"uv":[0,1.5,2,2.5],"texture":"#1"},"east":{"uv":[0,1.5,2,2.5],"texture":"#1"},"south":{"uv":[0,1.5,2,2.5],"texture":"#1"},"west":{"uv":[0,1.5,2,2.5],"texture":"#1"},"up":{"uv":[0,1.5,2,2.5],"texture":"#1"},"down":{"uv":[0,1.5,2,2.5],"texture":"#1"}}},{"from":[11.75,18.5,11.5],"to":[13.75,20.5,13.5],"rotation":{"angle":0,"axis":"y","origin":[0.75,1.5,1]},"faces":{"north":{"uv":[0,1.5,2,2.5],"texture":"#1"},"east":{"uv":[0,1.5,2,2.5],"texture":"#1"},"south":{"uv":[0,1.5,2,2.5],"texture":"#1"},"west":{"uv":[0,1.5,2,2.5],"texture":"#1"},"up":{"uv":[0,1.5,2,2.5],"texture":"#1"},"down":{"uv":[0,1.5,2,2.5],"texture":"#1"}}},{"from":[8,21,5.5],"to":[10,23,7.5],"rotation":{"angle":0,"axis":"y","origin":[-1,-3,1]},"faces":{"north":{"uv":[0,1.5,2,2.5],"texture":"#1"},"east":{"uv":[0,1.5,2,2.5],"texture":"#1"},"south":{"uv":[0,1.5,2,2.5],"texture":"#1"},"west":{"uv":[0,1.5,2,2.5],"texture":"#1"},"up":{"uv":[0,1.5,2,2.5],"texture":"#1"},"down":{"uv":[0,1.5,2,2.5],"texture":"#1"}}},{"from":[8,15,5.5],"to":[10,17,7.5],"faces":{"north":{"uv":[0,1.5,2,2.5],"texture":"#1"},"east":{"uv":[0,1.5,2,2.5],"texture":"#1"},"south":{"uv":[0,1.5,2,2.5],"texture":"#1"},"west":{"uv":[0,1.5,2,2.5],"texture":"#1"},"up":{"uv":[0,1.5,2,2.5],"texture":"#1"},"down":{"uv":[0,1.5,2,2.5],"texture":"#1"}}},{"from":[11,19,2.5],"to":[13,21,4.5],"rotation":{"angle":0,"axis":"y","origin":[3,4,-3]},"faces":{"north":{"uv":[0,1.5,2,2.5],"texture":"#1"},"east":{"uv":[0,1.5,2,2.5],"texture":"#1"},"south":{"uv":[0,1.5,2,2.5],"texture":"#1"},"west":{"uv":[0,1.5,2,2.5],"texture":"#1"},"up":{"uv":[0,1.5,2,2.5],"texture":"#1"},"down":{"uv":[0,1.5,2,2.5],"texture":"#1"}}},{"from":[3.5,17,10],"to":[5.5,19,12],"rotation":{"angle":0,"axis":"y","origin":[-0.5,1,-0.5]},"faces":{"north":{"uv":[0,1.5,2,2.5],"texture":"#1"},"east":{"uv":[0,1.5,2,2.5],"texture":"#1"},"south":{"uv":[0,1.5,2,2.5],"texture":"#1"},"west":{"uv":[0,1.5,2,2.5],"texture":"#1"},"up":{"uv":[0,1.5,2,2.5],"texture":"#1"},"down":{"uv":[0,1.5,2,2.5],"texture":"#1"}}},{"from":[5,22,8.5],"to":[7,24,10.5],"rotation":{"angle":0,"axis":"y","origin":[1,-1,-1]},"faces":{"north":{"uv":[0,1.5,2,2.5],"texture":"#1"},"east":{"uv":[0,1.5,2,2.5],"texture":"#1"},"south":{"uv":[0,1.5,2,2.5],"texture":"#1"},"west":{"uv":[0,1.5,2,2.5],"texture":"#1"},"up":{"uv":[0,1.5,2,2.5],"texture":"#1"},"down":{"uv":[0,1.5,2,2.5],"texture":"#1"}}},{"from":[5.5,23,5.5],"to":[7.5,25,7.5],"rotation":{"angle":0,"axis":"y","origin":[1.5,0,-4]},"faces":{"north":{"uv":[0,1.5,2,2.5],"texture":"#1"},"east":{"uv":[0,1.5,2,2.5],"texture":"#1"},"south":{"uv":[0,1.5,2,2.5],"texture":"#1"},"west":{"uv":[0,1.5,2,2.5],"texture":"#1"},"up":{"uv":[0,1.5,2,2.5],"texture":"#1"},"down":{"uv":[0,1.5,2,2.5],"texture":"#1"}}},{"from":[9.5,16,9.5],"to":[11.5,18,11.5],"rotation":{"angle":0,"axis":"y","origin":[4.5,9,0]},"faces":{"north":{"uv":[0,1.5,2,2.5],"texture":"#1"},"east":{"uv":[0,1.5,2,2.5],"texture":"#1"},"south":{"uv":[0,1.5,2,2.5],"texture":"#1"},"west":{"uv":[0,1.5,2,2.5],"texture":"#1"},"up":{"uv":[0,1.5,2,2.5],"texture":"#1"},"down":{"uv":[0,1.5,2,2.5],"texture":"#1"}}},{"from":[8.5,20,8.5],"to":[10.5,22,10.5],"rotation":{"angle":0,"axis":"y","origin":[3.5,13,-1]},"faces":{"north":{"uv":[0,1.5,2,2.5],"texture":"#1"},"east":{"uv":[0,1.5,2,2.5],"texture":"#1"},"south":{"uv":[0,1.5,2,2.5],"texture":"#1"},"west":{"uv":[0,1.5,2,2.5],"texture":"#1"},"up":{"uv":[0,1.5,2,2.5],"texture":"#1"},"down":{"uv":[0,1.5,2,2.5],"texture":"#1"}}}],"display":{"gui":{"rotation":[30,-135,0],"translation":[-0.5,-3.75,0],"scale":[0.625,0.625,0.625]},"fixed":{"rotation":[-90,0,0],"translation":[0,0,-14.75],"scale":[2,2,2]}},"groups":[0,1,{"name":"all","origin":[8,8,8],"color":0,"children":[2,3,4,5,6,7,8,9,10,11]}]}