{"credit":"momirealms","texture_size":[48,48],"textures":{"0":"block/oak_log","1":"vh5o5lmyk:obf/8/q/z/z/3/q/2/0/a/v/.","particle":"block/oak_log"},"elements":[{"from":[7,0,7],"to":[9,16,9],"faces":{"north":{"uv":[5,0,7,16],"texture":"#0"},"east":{"uv":[10,0,12,16],"texture":"#0"},"south":{"uv":[11,0,13,16],"texture":"#0"},"west":{"uv":[6,0,8,16],"texture":"#0"},"up":{"uv":[0,0,2,2],"texture":"#0"},"down":{"uv":[0,0,2,2],"texture":"#0"}}},{"from":[3,-3,8],"to":[8,-1,10],"rotation":{"angle":22.5,"axis":"z","origin":[0,0,0]},"faces":{"north":{"uv":[7,5,9,10],"rotation":90,"texture":"#0"},"east":{"uv":[0,0,2,2],"texture":"#0"},"south":{"uv":[8,10,10,15],"rotation":90,"texture":"#0"},"west":{"uv":[0,0,2,2],"texture":"#0"},"up":{"uv":[8,5,10,10],"rotation":90,"texture":"#0"},"down":{"uv":[0,0,5,2],"texture":"#0"}}},{"from":[4,0,8],"to":[9,1,10],"rotation":{"angle":22.5,"axis":"y","origin":[0,0,0]},"faces":{"north":{"uv":[0,0,5,1],"texture":"#0"},"east":{"uv":[0,0,2,1],"texture":"#0"},"south":{"uv":[0,0,5,1],"texture":"#0"},"west":{"uv":[0,0,2,1],"texture":"#0"},"up":{"uv":[9,7,11,12],"rotation":90,"texture":"#0"},"down":{"uv":[0,0,5,2],"texture":"#0"}}},{"from":[8,3,7],"to":[10,5,12],"rotation":{"angle":22.5,"axis":"x","origin":[0,0,0]},"faces":{"north":{"uv":[0,0,2,2],"texture":"#0"},"east":{"uv":[0,0,5,2],"texture":"#0"},"south":{"uv":[0,0,2,2],"texture":"#0"},"west":{"uv":[0,0,5,2],"texture":"#0"},"up":{"uv":[0,0,2,5],"texture":"#0"},"down":{"uv":[0,0,2,5],"texture":"#0"}}},{"from":[2,14,-3],"to":[12,24,7],"faces":{"north":{"uv":[0.33333,1.33333,3.66667,4.66667],"texture":"#1"},"east":{"uv":[0,0,3.33333,3.33333],"texture":"#1"},"south":{"uv":[0,0,3.33333,3.33333],"texture":"#1"},"west":{"uv":[1.33333,1.66667,4.66667,5],"texture":"#1","tintindex":0},"up":{"uv":[0,0,3.33333,3.33333],"texture":"#1"},"down":{"uv":[0,0,3.33333,3.33333],"texture":"#1"}}},{"from":[5,13,8],"to":[15,23,18],"faces":{"north":{"uv":[0,0,3.33333,3.33333],"texture":"#1"},"east":{"uv":[1.33333,1.33333,4.66667,4.66667],"texture":"#1"},"south":{"uv":[1.33333,1.33333,4.66667,4.66667],"texture":"#1"},"west":{"uv":[0,0,3.33333,3.33333],"texture":"#1","tintindex":0},"up":{"uv":[0,0,3.33333,3.33333],"texture":"#1"},"down":{"uv":[0,0,3.33333,3.33333],"texture":"#1"}}},{"from":[0,9,-4],"to":[0,32,22],"rotation":{"angle":45,"axis":"y","origin":[0,0,0]},"faces":{"north":{"uv":[0,0,0,6],"texture":"#1"},"east":{"uv":[0,8.33333,8.66667,16],"texture":"#1"},"south":{"uv":[0,0,0,6],"texture":"#1"},"west":{"uv":[8.66667,8.33333,0,16],"texture":"#1"},"up":{"uv":[0,0,6,0],"rotation":270,"texture":"#1"},"down":{"uv":[0,0,6,0],"rotation":90,"texture":"#1"}}},{"from":[5,9,-13],"to":[5,32,13],"rotation":{"angle":-45,"axis":"y","origin":[0,9,8]},"faces":{"north":{"uv":[0,0,0,6],"texture":"#1"},"east":{"uv":[0,16,8.66667,8.33333],"texture":"#1"},"south":{"uv":[0,0,0,6],"texture":"#1"},"west":{"uv":[8.66667,8.33333,0,16],"texture":"#1"},"up":{"uv":[0,0,6,0],"rotation":270,"texture":"#1"},"down":{"uv":[0,0,6,0],"rotation":90,"texture":"#1"}}}],"gui_light":"front","display":{"fixed":{"rotation":[-90,0,0],"translation":[0,0,-16],"scale":[2,2,2]}}}