{"credit":"momirealms","texture_size":[48,32],"textures":{"0":"2y4dpobve:obf/f/b/l/b/z/s/4/q/g/x/.","particle":"2y4dpobve:obf/m/3/5/y/p/2/k/j/y/8/.","1_0":"2y4dpobve:obf/m/3/5/y/p/2/k/j/y/8/."},"elements":[{"from":[6.5,0.1,8],"to":[9.5,5.1,8],"rotation":{"angle":45,"axis":"y","origin":[8,-6,8]},"faces":{"north":{"uv":[0.99999,1.5,1.99999,4],"texture":"#0"},"east":{"uv":[0,0,0,6],"texture":"#missing"},"south":{"uv":[1.99999,1.5,0.99999,4],"texture":"#0"},"west":{"uv":[0,0,0,6],"texture":"#missing"},"up":{"uv":[0,0,6,0],"texture":"#missing"},"down":{"uv":[0,0,6,0],"texture":"#missing"}}},{"from":[8,0.1,6.5],"to":[8,5.1,9.5],"rotation":{"angle":45,"axis":"y","origin":[8,-6,8]},"faces":{"north":{"uv":[0,0,0,6],"texture":"#missing"},"east":{"uv":[1.99999,1.5,0.99999,4],"texture":"#0"},"south":{"uv":[0,0,0,6],"texture":"#missing"},"west":{"uv":[0.99999,1.5,1.99999,4],"texture":"#0"},"up":{"uv":[0,0,6,0],"rotation":270,"texture":"#missing"},"down":{"uv":[0,0,6,0],"rotation":90,"texture":"#missing"}}},{"from":[6,-11,-0.5],"to":[17,0,0],"rotation":{"angle":45,"axis":"z","origin":[12.5,-10.5,-0.5]},"faces":{"north":{"uv":[0,0,5.5,5.5],"texture":"#1_0"},"east":{"uv":[6,0,6.5,5.5],"texture":"#1_0"},"south":{"uv":[0,0,5.5,5.5],"texture":"#1_0"},"west":{"uv":[6,6,6.5,11.5],"texture":"#1_0"},"up":{"uv":[12.5,0.5,7,0],"texture":"#1_0"},"down":{"uv":[12.5,1,7,1.5],"texture":"#1_0"}}},{"from":[3.3,-12.25,16.55],"to":[12,-3.85,16.55],"rotation":{"angle":0,"axis":"z","origin":[10.5,-12,16.5]},"faces":{"north":{"uv":[0.5,0.5,11,13],"texture":"#0"},"east":{"uv":[12.5,15,16,16],"texture":"#0"},"south":{"uv":[0,4.5,5.83333,16],"texture":"#0"},"west":{"uv":[0.5,0.5,0.5,5.5],"texture":"#0"},"up":{"uv":[5.5,0.5,0.5,0.5],"rotation":180,"texture":"#0"},"down":{"uv":[10.5,0.5,5.5,0.5],"rotation":180,"texture":"#0"}}},{"from":[6,-12.5,16],"to":[17,-1.5,16.5],"rotation":{"angle":45,"axis":"z","origin":[10.5,-12,16.5]},"faces":{"north":{"uv":[0,0,5.5,5.5],"texture":"#1_0"},"east":{"uv":[6,6,6.5,11.5],"texture":"#1_0"},"south":{"uv":[0,0,5.5,5.5],"texture":"#1_0"},"west":{"uv":[6,0,6.5,5.5],"texture":"#1_0"},"up":{"uv":[12.5,0.5,7,0],"rotation":180,"texture":"#1_0"},"down":{"uv":[12.5,1,7,1.5],"rotation":180,"texture":"#1_0"}}},{"from":[16.55,-11.75,3.75],"to":[16.55,-3.35,12.45],"rotation":{"angle":0,"axis":"y","origin":[16.5,1,13.5]},"faces":{"north":{"uv":[12.5,15,16,16],"texture":"#0"},"east":{"uv":[0,4.5,5.83333,16],"texture":"#0"},"south":{"uv":[0.5,0.5,0.5,5.5],"texture":"#0"},"west":{"uv":[0.5,0.5,11,13],"texture":"#0"},"up":{"uv":[5.5,0.5,0.5,0.5],"rotation":90,"texture":"#0"},"down":{"uv":[10.5,0.5,5.5,0.5],"rotation":270,"texture":"#0"}}},{"from":[-0.5,-14.75,10.25],"to":[0,-3.75,21.25],"rotation":{"angle":45,"axis":"x","origin":[-0.5,1,13.5]},"faces":{"north":{"uv":[6.5,6,6,11.5],"texture":"#1_0"},"east":{"uv":[5.5,0,0,5.5],"texture":"#1_0"},"south":{"uv":[6.5,0,6,5.5],"texture":"#1_0"},"west":{"uv":[5.5,0,0,5.5],"texture":"#1_0"},"up":{"uv":[12.5,0,7,0.5],"rotation":90,"texture":"#1_0"},"down":{"uv":[12.5,1.5,7,1],"rotation":270,"texture":"#1_0"}}},{"from":[-0.55,-11.75,3.75],"to":[-0.55,-3.35,12.45],"rotation":{"angle":0,"axis":"y","origin":[-0.5,1,13.5]},"faces":{"north":{"uv":[16,15,12.5,16],"texture":"#0"},"east":{"uv":[11,0.5,0.5,13],"texture":"#0"},"south":{"uv":[0.5,0.5,0.5,5.5],"texture":"#0"},"west":{"uv":[0,4.5,5.83333,16],"texture":"#0"},"up":{"uv":[5.5,0.5,0.5,0.5],"rotation":90,"texture":"#0"},"down":{"uv":[10.5,0.5,5.5,0.5],"rotation":270,"texture":"#0"}}},{"from":[16,-14.75,10.25],"to":[16.5,-3.75,21.25],"rotation":{"angle":45,"axis":"x","origin":[16.5,1,13.5]},"faces":{"north":{"uv":[6,6,6.5,11.5],"texture":"#1_0"},"east":{"uv":[0,0,5.5,5.5],"texture":"#1_0"},"south":{"uv":[6,0,6.5,5.5],"texture":"#1_0"},"west":{"uv":[0,0,5.5,5.5],"texture":"#1_0"},"up":{"uv":[12.5,0.5,7,0],"rotation":90,"texture":"#1_0"},"down":{"uv":[12.5,1,7,1.5],"rotation":270,"texture":"#1_0"}}},{"from":[4,-11.75,-0.55],"to":[12.7,-3.35,-0.55],"rotation":{"angle":0,"axis":"z","origin":[12.5,-10.5,-0.5]},"faces":{"north":{"uv":[0,4.5,5.83333,16],"texture":"#0"},"east":{"uv":[0.5,0.5,0.5,5.5],"texture":"#0"},"south":{"uv":[0.5,0.5,11,13],"texture":"#0"},"west":{"uv":[12.5,15,16,16],"texture":"#0"},"up":{"uv":[5.5,0.5,0.5,0.5],"texture":"#0"},"down":{"uv":[10.5,0.5,5.5,0.5],"texture":"#0"}}}],"gui_light":"front","display":{"firstperson_righthand":{"scale":[0.5,0.5,0.5]},"firstperson_lefthand":{"scale":[0.5,0.5,0.5]},"ground":{"scale":[0.5,0.5,0.5]},"gui":{"translation":[0,16,0]},"head":{"translation":[0,-15.75,-4.5]},"fixed":{"rotation":[-90,0,0],"translation":[0,0,-16],"scale":[2,2,2]}},"groups":[0,1,{"name":"fu","origin":[12.5,-10.5,-0.5],"color":0,"children":[2,3,4,5,6,7,8,9]}]}