{"credit":"momirealms","textures":{"0":"hz0b9qrvr:obf/j/k/v/4/7/9/s/h/x/q/.","1":"7h6wdomfg:obf/c/e/k/r/l/7/5/p/q/q/.","2":"loqjmreiy:obf/m/0/r/p/e/n/p/f/7/t/.","particle":"hz0b9qrvr:obf/j/k/v/4/7/9/s/h/x/q/."},"elements":[{"from":[7,0,7],"to":[9,16,9],"faces":{"north":{"uv":[11,0,13,16],"texture":"#0"},"east":{"uv":[8,0,10,16],"texture":"#0"},"south":{"uv":[14,0,16,16],"texture":"#0"},"west":{"uv":[6,0,8,16],"texture":"#0"},"up":{"uv":[8,1,10,3],"texture":"#0"},"down":{"uv":[10,9,12,11],"texture":"#0"}}},{"from":[0,0,11],"to":[16,16,11],"faces":{"north":{"uv":[0,0,16,16],"texture":"#1"},"east":{"uv":[0,0,0,16],"texture":"#1"},"south":{"uv":[0,0,16,16],"texture":"#1"},"west":{"uv":[0,0,0,16],"texture":"#1"},"up":{"uv":[0,0,16,0],"texture":"#1"},"down":{"uv":[0,0,16,0],"texture":"#1"}}},{"from":[0,0,5],"to":[16,16,5],"faces":{"north":{"uv":[0,0,16,16],"texture":"#1"},"east":{"uv":[0,0,0,16],"texture":"#1"},"south":{"uv":[0,0,16,16],"texture":"#1"},"west":{"uv":[0,0,0,16],"texture":"#1"},"up":{"uv":[0,0,16,0],"texture":"#1"},"down":{"uv":[0,0,16,0],"texture":"#1"}}},{"from":[11,0,0],"to":[11,16,16],"faces":{"north":{"uv":[0,0,0,16],"texture":"#1"},"east":{"uv":[0,0,16,16],"texture":"#1"},"south":{"uv":[0,0,0,16],"texture":"#1"},"west":{"uv":[0,0,16,16],"texture":"#1"},"up":{"uv":[0,0,16,0],"rotation":270,"texture":"#1"},"down":{"uv":[0,0,16,0],"rotation":90,"texture":"#1"}}},{"from":[5,0,0],"to":[5,16,16],"faces":{"north":{"uv":[0,0,0,16],"texture":"#1"},"east":{"uv":[0,0,16,16],"texture":"#1"},"south":{"uv":[0,0,0,16],"texture":"#1"},"west":{"uv":[0,0,16,16],"texture":"#1"},"up":{"uv":[0,0,16,0],"rotation":270,"texture":"#1"},"down":{"uv":[0,0,16,0],"rotation":90,"texture":"#1"}}},{"from":[3,7,9],"to":[6,10,12],"faces":{"north":{"uv":[7,13,10,16],"texture":"#2"},"east":{"uv":[2,10,5,13],"texture":"#2"},"south":{"uv":[0,4,3,7],"texture":"#2"},"west":{"uv":[4,7,7,10],"texture":"#2"},"up":{"uv":[9,9,12,12],"texture":"#2"},"down":{"uv":[11,8,14,11],"texture":"#2"}}},{"from":[9,10,10.5],"to":[12,13,13.5],"faces":{"north":{"uv":[7,13,10,16],"texture":"#2"},"east":{"uv":[2,10,5,13],"texture":"#2"},"south":{"uv":[0,4,3,7],"texture":"#2"},"west":{"uv":[4,7,7,10],"texture":"#2"},"up":{"uv":[9,9,12,12],"texture":"#2"},"down":{"uv":[11,8,14,11],"texture":"#2"}}},{"from":[4,10,4],"to":[7,13,7],"faces":{"north":{"uv":[7,13,10,16],"texture":"#2"},"east":{"uv":[2,10,5,13],"texture":"#2"},"south":{"uv":[0,4,3,7],"texture":"#2"},"west":{"uv":[4,7,7,10],"texture":"#2"},"up":{"uv":[9,9,12,12],"texture":"#2"},"down":{"uv":[11,8,14,11],"texture":"#2"}}},{"from":[4.75,0,5.25],"to":[7.75,3,8.25],"faces":{"north":{"uv":[7,13,10,16],"texture":"#2"},"east":{"uv":[2,10,5,13],"texture":"#2"},"south":{"uv":[0,4,3,7],"texture":"#2"},"west":{"uv":[4,7,7,10],"texture":"#2"},"up":{"uv":[9,9,12,12],"texture":"#2"},"down":{"uv":[11,8,14,11],"texture":"#2"}}},{"from":[9,4,3],"to":[12,7,6],"faces":{"north":{"uv":[7,13,10,16],"texture":"#2"},"east":{"uv":[2,10,5,13],"texture":"#2"},"south":{"uv":[0,4,3,7],"texture":"#2"},"west":{"uv":[4,7,7,10],"texture":"#2"},"up":{"uv":[9,9,12,12],"texture":"#2"},"down":{"uv":[11,8,14,11],"texture":"#2"}}}],"gui_light":"front","display":{"fixed":{"rotation":[-90,0,0],"translation":[0,0,-16],"scale":[2,2,2]}}}