{"credit":"Made with Blockbench","texture_size":[16,32],"textures":{"0":"jiblq9ax5:obf/f/3/5/s/w/s/y/5/g/k/.","1":"nilnm8of3:obf/r/c/s/9/2/f/e/i/s/b/.","particle":"jiblq9ax5:obf/f/3/5/s/w/s/y/5/g/k/."},"elements":[{"from":[-8,0,11],"to":[8,32,11],"rotation":{"angle":45,"axis":"y","origin":[0,0,0]},"faces":{"north":{"uv":[0,0,16,16],"texture":"#0"},"east":{"uv":[0,0,0,16],"texture":"#missing"},"south":{"uv":[0,0,16,16],"texture":"#0"},"west":{"uv":[0,0,0,16],"texture":"#missing"},"up":{"uv":[0,0,16,0],"texture":"#missing"},"down":{"uv":[0,0,16,0],"texture":"#missing"}}},{"from":[2,0,0],"to":[21,32,0],"rotation":{"angle":-45,"axis":"y","origin":[0,0,0]},"faces":{"north":{"uv":[0,0,16,16],"texture":"#0"},"east":{"uv":[0,0,0,16],"texture":"#missing"},"south":{"uv":[0,0,16,16],"texture":"#0"},"west":{"uv":[0,0,0,16],"texture":"#missing"},"up":{"uv":[0,0,16,0],"texture":"#missing"},"down":{"uv":[0,0,16,0],"texture":"#missing"}}},{"from":[3,16,3],"to":[5,18,5],"faces":{"north":{"uv":[6,1,8,2],"texture":"#1"},"east":{"uv":[6,1,8,2],"texture":"#1"},"south":{"uv":[6,1,8,2],"texture":"#1"},"west":{"uv":[6,1,8,2],"texture":"#1"},"up":{"uv":[6,1,8,2],"texture":"#1"},"down":{"uv":[6,1,8,2],"texture":"#1"}}},{"from":[2.75,20,11],"to":[4.75,22,13],"faces":{"north":{"uv":[6,1,8,2],"texture":"#1"},"east":{"uv":[6,1,8,2],"texture":"#1"},"south":{"uv":[6,1,8,2],"texture":"#1"},"west":{"uv":[6,1,8,2],"texture":"#1"},"up":{"uv":[6,1,8,2],"texture":"#1"},"down":{"uv":[6,1,8,2],"texture":"#1"}}},{"from":[2,21,2],"to":[4,23,4],"faces":{"north":{"uv":[6,1,8,2],"texture":"#1"},"east":{"uv":[6,1,8,2],"texture":"#1"},"south":{"uv":[6,1,8,2],"texture":"#1"},"west":{"uv":[6,1,8,2],"texture":"#1"},"up":{"uv":[6,1,8,2],"texture":"#1"},"down":{"uv":[6,1,8,2],"texture":"#1"}}},{"from":[11.5,20,11.5],"to":[13.5,22,13.5],"faces":{"north":{"uv":[6,1,8,2],"texture":"#1"},"east":{"uv":[6,1,8,2],"texture":"#1"},"south":{"uv":[6,1,8,2],"texture":"#1"},"west":{"uv":[6,1,8,2],"texture":"#1"},"up":{"uv":[6,1,8,2],"texture":"#1"},"down":{"uv":[6,1,8,2],"texture":"#1"}}},{"from":[10,16,3.5],"to":[12,18,5.5],"faces":{"north":{"uv":[6,1,8,2],"texture":"#1"},"east":{"uv":[6,1,8,2],"texture":"#1"},"south":{"uv":[6,1,8,2],"texture":"#1"},"west":{"uv":[6,1,8,2],"texture":"#1"},"up":{"uv":[6,1,8,2],"texture":"#1"},"down":{"uv":[6,1,8,2],"texture":"#1"}}},{"from":[11,20,2.5],"to":[13,22,4.5],"faces":{"north":{"uv":[6,1,8,2],"texture":"#1"},"east":{"uv":[6,1,8,2],"texture":"#1"},"south":{"uv":[6,1,8,2],"texture":"#1"},"west":{"uv":[6,1,8,2],"texture":"#1"},"up":{"uv":[6,1,8,2],"texture":"#1"},"down":{"uv":[6,1,8,2],"texture":"#1"}}},{"from":[3.75,16,10],"to":[5.75,18,12],"faces":{"north":{"uv":[6,1,8,2],"texture":"#1"},"east":{"uv":[6,1,8,2],"texture":"#1"},"south":{"uv":[6,1,8,2],"texture":"#1"},"west":{"uv":[6,1,8,2],"texture":"#1"},"up":{"uv":[6,1,8,2],"texture":"#1"},"down":{"uv":[6,1,8,2],"texture":"#1"}}},{"from":[6.75,22,6.75],"to":[8.75,24,8.75],"faces":{"north":{"uv":[6,1,8,2],"texture":"#1"},"east":{"uv":[6,1,8,2],"texture":"#1"},"south":{"uv":[6,1,8,2],"texture":"#1"},"west":{"uv":[6,1,8,2],"texture":"#1"},"up":{"uv":[6,1,8,2],"texture":"#1"},"down":{"uv":[6,1,8,2],"texture":"#1"}}},{"from":[11,16,11],"to":[13,18,13],"faces":{"north":{"uv":[6,1,8,2],"texture":"#1"},"east":{"uv":[6,1,8,2],"texture":"#1"},"south":{"uv":[6,1,8,2],"texture":"#1"},"west":{"uv":[6,1,8,2],"texture":"#1"},"up":{"uv":[6,1,8,2],"texture":"#1"},"down":{"uv":[6,1,8,2],"texture":"#1"}}}],"display":{"gui":{"rotation":[30,225,0],"translation":[-0.5,-3.75,0],"scale":[0.625,0.625,0.625]},"fixed":{"rotation":[-90,0,0],"translation":[0,0,-14.75],"scale":[2,2,2]}},"groups":[0,1,{"name":"all","origin":[8,8,8],"color":0,"boneType":"","children":[2,3,4,5,6,7,8,9,10]}]}