{"credit":"momirealms","textures":{"0":"bwv29t4ps:obf/m/7/u/9/y/f/r/e/2/4/.","1":"jiblq9ax5:obf/3/n/i/b/p/d/x/z/l/0/.","particle":"bwv29t4ps:obf/m/7/u/9/y/f/r/e/2/4/."},"elements":[{"from":[4,0,0],"to":[4,8,8],"faces":{"north":{"uv":[0,0,0,8],"texture":"#1"},"east":{"uv":[0,0,16,16],"texture":"#1"},"south":{"uv":[0,0,0,8],"texture":"#1"},"west":{"uv":[0,0,16,16],"texture":"#1"},"up":{"uv":[0,0,0,0],"texture":"#1"},"down":{"uv":[0,0,0,8],"texture":"#1"}}},{"from":[0,0,4],"to":[8,8,4],"faces":{"north":{"uv":[0,0,16,16],"texture":"#1"},"east":{"uv":[0,0,0,8],"texture":"#1"},"south":{"uv":[0,0,16,16],"texture":"#1"},"west":{"uv":[0,0,0,8],"texture":"#1"},"up":{"uv":[0,0,0,0],"rotation":270,"texture":"#1"},"down":{"uv":[0,0,0,8],"rotation":90,"texture":"#1"}}},{"from":[0,0,12],"to":[8,8,12],"faces":{"north":{"uv":[0,0,16,16],"texture":"#1"},"east":{"uv":[0,0,0,8],"texture":"#1"},"south":{"uv":[0,0,16,16],"texture":"#1"},"west":{"uv":[0,0,0,8],"texture":"#1"},"up":{"uv":[0,0,0,0],"rotation":270,"texture":"#1"},"down":{"uv":[0,0,0,8],"rotation":90,"texture":"#1"}}},{"from":[8,0,12],"to":[16,8,12],"faces":{"north":{"uv":[0,0,16,16],"texture":"#1"},"east":{"uv":[0,0,0,8],"texture":"#1"},"south":{"uv":[0,0,16,16],"texture":"#1"},"west":{"uv":[0,0,0,8],"texture":"#1"},"up":{"uv":[0,0,0,0],"rotation":270,"texture":"#1"},"down":{"uv":[0,0,0,8],"rotation":90,"texture":"#1"}}},{"from":[8,0,4],"to":[16,8,4],"faces":{"north":{"uv":[0,0,16,16],"texture":"#1"},"east":{"uv":[0,0,0,8],"texture":"#1"},"south":{"uv":[0,0,16,16],"texture":"#1"},"west":{"uv":[0,0,0,8],"texture":"#1"},"up":{"uv":[0,0,0,0],"rotation":270,"texture":"#1"},"down":{"uv":[0,0,0,8],"rotation":90,"texture":"#1"}}},{"from":[4,0,8],"to":[4,8,16],"faces":{"north":{"uv":[0,0,0,8],"texture":"#1"},"east":{"uv":[0,0,16,16],"texture":"#1"},"south":{"uv":[0,0,0,8],"texture":"#1"},"west":{"uv":[0,0,16,16],"texture":"#1"},"up":{"uv":[0,0,0,0],"texture":"#1"},"down":{"uv":[0,0,0,8],"texture":"#1"}}},{"from":[12,0,8],"to":[12,8,16],"faces":{"north":{"uv":[0,0,0,8],"texture":"#1"},"east":{"uv":[0,0,16,16],"texture":"#1"},"south":{"uv":[0,0,0,8],"texture":"#1"},"west":{"uv":[0,0,16,16],"texture":"#1"},"up":{"uv":[0,0,0,0],"texture":"#1"},"down":{"uv":[0,0,0,8],"texture":"#1"}}},{"from":[12,0,0],"to":[12,8,8],"faces":{"north":{"uv":[0,0,0,8],"texture":"#1"},"east":{"uv":[0,0,16,16],"texture":"#1"},"south":{"uv":[0,0,0,8],"texture":"#1"},"west":{"uv":[0,0,16,16],"texture":"#1"},"up":{"uv":[0,0,0,0],"texture":"#1"},"down":{"uv":[0,0,0,8],"texture":"#1"}}},{"from":[3.5,-0.5,3.5],"to":[4.5,0.5,4.5],"faces":{"north":{"uv":[4,2,5,3],"texture":"#0"},"east":{"uv":[3,2,4,3],"texture":"#0"},"south":{"uv":[3,2,4,3],"texture":"#0"},"west":{"uv":[4,3,5,4],"texture":"#0"},"up":{"uv":[3,2,4,3],"texture":"#0"},"down":{"uv":[4,2,5,3],"texture":"#0"}}},{"from":[3.5,-0.5,11.5],"to":[4.5,0.5,12.5],"faces":{"north":{"uv":[4,2,5,3],"texture":"#0"},"east":{"uv":[3,2,4,3],"texture":"#0"},"south":{"uv":[3,2,4,3],"texture":"#0"},"west":{"uv":[4,3,5,4],"texture":"#0"},"up":{"uv":[3,2,4,3],"texture":"#0"},"down":{"uv":[4,2,5,3],"texture":"#0"}}},{"from":[11.5,-0.5,11.5],"to":[12.5,0.5,12.5],"faces":{"north":{"uv":[4,2,5,3],"texture":"#0"},"east":{"uv":[3,2,4,3],"texture":"#0"},"south":{"uv":[3,2,4,3],"texture":"#0"},"west":{"uv":[4,3,5,4],"texture":"#0"},"up":{"uv":[3,2,4,3],"texture":"#0"},"down":{"uv":[4,2,5,3],"texture":"#0"}}},{"from":[11.5,-0.5,3.5],"to":[12.5,0.5,4.5],"faces":{"north":{"uv":[4,2,5,3],"texture":"#0"},"east":{"uv":[3,2,4,3],"texture":"#0"},"south":{"uv":[3,2,4,3],"texture":"#0"},"west":{"uv":[4,3,5,4],"texture":"#0"},"up":{"uv":[3,2,4,3],"texture":"#0"},"down":{"uv":[4,2,5,3],"texture":"#0"}}}],"gui_light":"front","display":{"fixed":{"rotation":[-90,0,0],"translation":[0,0,-16],"scale":[2,2,2]}}}