{"format_version":"1.21.6","credit":"Made with Blockbench","texture_size":[16,32],"textures":{"0":"ol6cudrho:obf/8/k/u/g/7/z/k/6/l/v/.","particle":"ol6cudrho:obf/8/k/u/g/7/z/k/6/l/v/."},"elements":[{"from":[-8,0,11],"to":[8,32,11],"rotation":{"angle":45,"axis":"y","origin":[0,0,0]},"faces":{"north":{"uv":[16,0,0,16],"texture":"#0"},"east":{"uv":[0,0,0,16],"texture":"#missing"},"south":{"uv":[0,0,16,16],"texture":"#0"},"west":{"uv":[0,0,0,16],"texture":"#missing"},"up":{"uv":[0,0,16,0],"texture":"#missing"},"down":{"uv":[0,0,16,0],"texture":"#missing"}}},{"from":[2,0,0],"to":[18,32,0],"rotation":{"angle":-45,"axis":"y","origin":[0,0,0]},"faces":{"north":{"uv":[16,0,0,16],"texture":"#0"},"east":{"uv":[0,0,0,16],"texture":"#missing"},"south":{"uv":[0,0,16,16],"texture":"#0"},"west":{"uv":[0,0,0,16],"texture":"#missing"},"up":{"uv":[0,0,16,0],"texture":"#missing"},"down":{"uv":[0,0,16,0],"texture":"#missing"}}}],"display":{"fixed":{"rotation":[-90,0,0],"translation":[0,0,-14.75],"scale":[2,2,2]}},"groups":[{"name":"all","origin":[8,8,8],"color":0,"children":[0,1]}]}