{"format_version":"1.21.6","credit":"Made with Blockbench","texture_size":[16,32],"textures":{"0":"2y4dpobve:obf/s/b/a/r/n/a/d/v/p/6/.","1":"sydn0au02:obf/o/h/q/e/s/8/r/n/t/6/.","particle":"2y4dpobve:obf/s/b/a/r/n/a/d/v/p/6/."},"elements":[{"from":[-8,0,11],"to":[8,32,11],"rotation":{"angle":45,"axis":"y","origin":[0,0,0]},"faces":{"north":{"uv":[16,0,0,16],"texture":"#0"},"east":{"uv":[0,0,0,16],"texture":"#missing"},"south":{"uv":[0,0,16,16],"texture":"#0"},"west":{"uv":[0,0,0,16],"texture":"#missing"},"up":{"uv":[0,0,16,0],"texture":"#missing"},"down":{"uv":[0,0,16,0],"texture":"#missing"}}},{"from":[2,0,0],"to":[18,32,0],"rotation":{"angle":-45,"axis":"y","origin":[0,0,0]},"faces":{"north":{"uv":[16,0,0,16],"texture":"#0"},"east":{"uv":[0,0,0,16],"texture":"#missing"},"south":{"uv":[0,0,16,16],"texture":"#0"},"west":{"uv":[0,0,0,16],"texture":"#missing"},"up":{"uv":[0,0,16,0],"texture":"#missing"},"down":{"uv":[0,0,16,0],"texture":"#missing"}}},{"from":[8,15,5],"to":[11,18,8],"faces":{"north":{"uv":[3,0,6,1.5],"texture":"#1"},"east":{"uv":[3,0,6,1.5],"texture":"#1"},"south":{"uv":[3,0,6,1.5],"texture":"#1"},"west":{"uv":[3,0,6,1.5],"texture":"#1"},"up":{"uv":[3,0,6,1.5],"texture":"#1"},"down":{"uv":[3,0,6,1.5],"texture":"#1"}}},{"from":[4,20,4],"to":[7,23,7],"faces":{"north":{"uv":[3,0,6,1.5],"texture":"#1"},"east":{"uv":[3,0,6,1.5],"texture":"#1"},"south":{"uv":[3,0,6,1.5],"texture":"#1"},"west":{"uv":[3,0,6,1.5],"texture":"#1"},"up":{"uv":[3,0,6,1.5],"texture":"#1"},"down":{"uv":[3,0,6,1.5],"texture":"#1"}}},{"from":[4,16,8],"to":[7,19,11],"faces":{"north":{"uv":[3,0,6,1.5],"texture":"#1"},"east":{"uv":[3,0,6,1.5],"texture":"#1"},"south":{"uv":[3,0,6,1.5],"texture":"#1"},"west":{"uv":[3,0,6,1.5],"texture":"#1"},"up":{"uv":[3,0,6,1.5],"texture":"#1"},"down":{"uv":[3,0,6,1.5],"texture":"#1"}}},{"from":[7,22,7],"to":[10,25,10],"faces":{"north":{"uv":[3,0,6,1.5],"texture":"#1"},"east":{"uv":[3,0,6,1.5],"texture":"#1"},"south":{"uv":[3,0,6,1.5],"texture":"#1"},"west":{"uv":[3,0,6,1.5],"texture":"#1"},"up":{"uv":[3,0,6,1.5],"texture":"#1"},"down":{"uv":[3,0,6,1.5],"texture":"#1"}}}],"display":{"gui":{"rotation":[30,-135,0],"translation":[-0.5,-3.75,0],"scale":[0.625,0.625,0.625]},"fixed":{"rotation":[-90,0,0],"translation":[0,0,-14.75],"scale":[2,2,2]}},"groups":[0,1,{"name":"all","origin":[8,8,8],"color":0,"children":[2,3,4,5]}]}