{"credit":"Made with Blockbench","texture_size":[16,32],"textures":{"0":"sydn0au02:obf/9/i/j/h/m/9/o/2/8/5/.","1":"nilnm8of3:obf/r/c/s/9/2/f/e/i/s/b/.","particle":"sydn0au02:obf/9/i/j/h/m/9/o/2/8/5/."},"elements":[{"from":[-8,0,11],"to":[8,32,11],"rotation":{"angle":45,"axis":"y","origin":[0,0,0]},"faces":{"north":{"uv":[0,0,16,16],"texture":"#0"},"east":{"uv":[0,0,0,16],"texture":"#missing"},"south":{"uv":[0,0,16,16],"texture":"#0"},"west":{"uv":[0,0,0,16],"texture":"#missing"},"up":{"uv":[0,0,16,0],"texture":"#missing"},"down":{"uv":[0,0,16,0],"texture":"#missing"}}},{"from":[2,0,0],"to":[18,32,0],"rotation":{"angle":-45,"axis":"y","origin":[0,0,0]},"faces":{"north":{"uv":[0,0,16,16],"texture":"#0"},"east":{"uv":[0,0,0,16],"texture":"#missing"},"south":{"uv":[0,0,16,16],"texture":"#0"},"west":{"uv":[0,0,0,16],"texture":"#missing"},"up":{"uv":[0,0,16,0],"texture":"#missing"},"down":{"uv":[0,0,16,0],"texture":"#missing"}}},{"from":[8,15,5],"to":[11,18,8],"faces":{"north":{"uv":[0,0,3,1.5],"texture":"#1"},"east":{"uv":[0,0,3,1.5],"texture":"#1"},"south":{"uv":[0,0,3,1.5],"texture":"#1"},"west":{"uv":[0,0,3,1.5],"texture":"#1"},"up":{"uv":[0,0,3,1.5],"texture":"#1"},"down":{"uv":[0,0,3,1.5],"texture":"#1"}}},{"from":[4,20,4],"to":[7,23,7],"faces":{"north":{"uv":[0,0,3,1.5],"texture":"#1"},"east":{"uv":[0,0,3,1.5],"texture":"#1"},"south":{"uv":[0,0,3,1.5],"texture":"#1"},"west":{"uv":[0,0,3,1.5],"texture":"#1"},"up":{"uv":[0,0,3,1.5],"texture":"#1"},"down":{"uv":[0,0,3,1.5],"texture":"#1"}}},{"from":[4,16,8],"to":[7,19,11],"faces":{"north":{"uv":[0,0,3,1.5],"texture":"#1"},"east":{"uv":[0,0,3,1.5],"texture":"#1"},"south":{"uv":[0,0,3,1.5],"texture":"#1"},"west":{"uv":[0,0,3,1.5],"texture":"#1"},"up":{"uv":[0,0,3,1.5],"texture":"#1"},"down":{"uv":[0,0,3,1.5],"texture":"#1"}}},{"from":[7,22,7],"to":[10,25,10],"faces":{"north":{"uv":[0,0,3,1.5],"texture":"#1"},"east":{"uv":[0,0,3,1.5],"texture":"#1"},"south":{"uv":[0,0,3,1.5],"texture":"#1"},"west":{"uv":[0,0,3,1.5],"texture":"#1"},"up":{"uv":[0,0,3,1.5],"texture":"#1"},"down":{"uv":[0,0,3,1.5],"texture":"#1"}}}],"display":{"gui":{"rotation":[30,225,0],"translation":[-0.5,-3.75,0],"scale":[0.625,0.625,0.625]},"fixed":{"rotation":[-90,0,0],"translation":[0,0,-14.75],"scale":[2,2,2]}},"groups":[0,1,{"name":"all","origin":[8,8,8],"color":0,"boneType":"","children":[2,3,4,5]}]}