{"format_version":"1.21.6","credit":"Made with Blockbench","texture_size":[16,32],"textures":{"0":"olje3wxzv:obf/l/5/z/y/c/o/e/4/v/q/.","1":"sydn0au02:obf/o/h/q/e/s/8/r/n/t/6/.","particle":"olje3wxzv:obf/l/5/z/y/c/o/e/4/v/q/."},"elements":[{"from":[-8,0,11],"to":[8,32,11],"rotation":{"angle":45,"axis":"y","origin":[0,0,0]},"faces":{"north":{"uv":[16,0,0,16],"texture":"#0"},"east":{"uv":[0,0,0,16],"texture":"#missing"},"south":{"uv":[0,0,16,16],"texture":"#0"},"west":{"uv":[0,0,0,16],"texture":"#missing"},"up":{"uv":[0,0,16,0],"texture":"#missing"},"down":{"uv":[0,0,16,0],"texture":"#missing"}}},{"from":[2,0,0],"to":[21,32,0],"rotation":{"angle":-45,"axis":"y","origin":[0,0,0]},"faces":{"north":{"uv":[16,0,0,16],"texture":"#0"},"east":{"uv":[0,0,0,16],"texture":"#missing"},"south":{"uv":[0,0,16,16],"texture":"#0"},"west":{"uv":[0,0,0,16],"texture":"#missing"},"up":{"uv":[0,0,16,0],"texture":"#missing"},"down":{"uv":[0,0,16,0],"texture":"#missing"}}},{"from":[3.75,17,9.75],"to":[5.75,19,11.75],"faces":{"north":{"uv":[0,3.5,2,4.5],"texture":"#1"},"east":{"uv":[0,3.5,2,4.5],"texture":"#1"},"south":{"uv":[0,3.5,2,4.5],"texture":"#1"},"west":{"uv":[0,3.5,2,4.5],"texture":"#1"},"up":{"uv":[0,3.5,2,4.5],"texture":"#1"},"down":{"uv":[0,3.5,2,4.5],"texture":"#1"}}},{"from":[3.25,21.25,10.25],"to":[5.25,23.25,12.25],"faces":{"north":{"uv":[0,3.5,2,4.5],"texture":"#1"},"east":{"uv":[0,3.5,2,4.5],"texture":"#1"},"south":{"uv":[0,3.5,2,4.5],"texture":"#1"},"west":{"uv":[0,3.5,2,4.5],"texture":"#1"},"up":{"uv":[0,3.5,2,4.5],"texture":"#1"},"down":{"uv":[0,3.5,2,4.5],"texture":"#1"}}},{"from":[10.25,17,10.25],"to":[12.25,19,12.25],"faces":{"north":{"uv":[0,3.5,2,4.5],"texture":"#1"},"east":{"uv":[0,3.5,2,4.5],"texture":"#1"},"south":{"uv":[0,3.5,2,4.5],"texture":"#1"},"west":{"uv":[0,3.5,2,4.5],"texture":"#1"},"up":{"uv":[0,3.5,2,4.5],"texture":"#1"},"down":{"uv":[0,3.5,2,4.5],"texture":"#1"}}},{"from":[9.25,17,4.25],"to":[11.25,19,6.25],"faces":{"north":{"uv":[0,3.5,2,4.5],"texture":"#1"},"east":{"uv":[0,3.5,2,4.5],"texture":"#1"},"south":{"uv":[0,3.5,2,4.5],"texture":"#1"},"west":{"uv":[0,3.5,2,4.5],"texture":"#1"},"up":{"uv":[0,3.5,2,4.5],"texture":"#1"},"down":{"uv":[0,3.5,2,4.5],"texture":"#1"}}},{"from":[4.25,17,4.25],"to":[6.25,19,6.25],"faces":{"north":{"uv":[0,3.5,2,4.5],"texture":"#1"},"east":{"uv":[0,3.5,2,4.5],"texture":"#1"},"south":{"uv":[0,3.5,2,4.5],"texture":"#1"},"west":{"uv":[0,3.5,2,4.5],"texture":"#1"},"up":{"uv":[0,3.5,2,4.5],"texture":"#1"},"down":{"uv":[0,3.5,2,4.5],"texture":"#1"}}},{"from":[3.25,22,3.25],"to":[5.25,24,5.25],"faces":{"north":{"uv":[0,3.5,2,4.5],"texture":"#1"},"east":{"uv":[0,3.5,2,4.5],"texture":"#1"},"south":{"uv":[0,3.5,2,4.5],"texture":"#1"},"west":{"uv":[0,3.5,2,4.5],"texture":"#1"},"up":{"uv":[0,3.5,2,4.5],"texture":"#1"},"down":{"uv":[0,3.5,2,4.5],"texture":"#1"}}},{"from":[10.25,22,3.25],"to":[12.25,24,5.25],"faces":{"north":{"uv":[0,3.5,2,4.5],"texture":"#1"},"east":{"uv":[0,3.5,2,4.5],"texture":"#1"},"south":{"uv":[0,3.5,2,4.5],"texture":"#1"},"west":{"uv":[0,3.5,2,4.5],"texture":"#1"},"up":{"uv":[0,3.5,2,4.5],"texture":"#1"},"down":{"uv":[0,3.5,2,4.5],"texture":"#1"}}},{"from":[11.25,22,11.25],"to":[13.25,24,13.25],"faces":{"north":{"uv":[0,3.5,2,4.5],"texture":"#1"},"east":{"uv":[0,3.5,2,4.5],"texture":"#1"},"south":{"uv":[0,3.5,2,4.5],"texture":"#1"},"west":{"uv":[0,3.5,2,4.5],"texture":"#1"},"up":{"uv":[0,3.5,2,4.5],"texture":"#1"},"down":{"uv":[0,3.5,2,4.5],"texture":"#1"}}}],"display":{"gui":{"rotation":[30,-135,0],"translation":[-0.5,-3.75,0],"scale":[0.625,0.625,0.625]},"fixed":{"rotation":[-90,0,0],"translation":[0,0,-14.75],"scale":[2,2,2]}},"groups":[0,1,{"name":"all","origin":[8,8,8],"color":0,"children":[2,3,4,5,6,7,8,9]}]}