{"credit":"momirealms","texture_size":[16,32],"textures":{"0":"hz0b9qrvr:obf/j/k/v/4/7/9/s/h/x/q/.","1":"vh5o5lmyk:obf/a/p/c/9/f/o/c/i/2/y/.","2":"9zywu6k50:obf/o/2/o/c/x/p/0/5/w/i/.","particle":"hz0b9qrvr:obf/j/k/v/4/7/9/s/h/x/q/."},"elements":[{"from":[13,0,13],"to":[14,16,14],"faces":{"north":{"uv":[12,0,13,16],"texture":"#0"},"east":{"uv":[9,0,10,16],"texture":"#0"},"south":{"uv":[15,0,16,16],"texture":"#0"},"west":{"uv":[7,0,8,16],"texture":"#0"},"up":{"uv":[8,1,9,2],"texture":"#0"},"down":{"uv":[10,9,11,10],"texture":"#0"}}},{"from":[13,16,13],"to":[14,32,14],"faces":{"north":{"uv":[12,0,13,16],"texture":"#0"},"east":{"uv":[9,0,10,16],"texture":"#0"},"south":{"uv":[15,0,16,16],"texture":"#0"},"west":{"uv":[7,0,8,16],"texture":"#0"},"up":{"uv":[8,1,9,2],"texture":"#0"},"down":{"uv":[10,9,11,10],"texture":"#0"}}},{"from":[13,0,2],"to":[14,16,3],"faces":{"north":{"uv":[12,0,13,16],"texture":"#0"},"east":{"uv":[9,0,10,16],"texture":"#0"},"south":{"uv":[15,0,16,16],"texture":"#0"},"west":{"uv":[7,0,8,16],"texture":"#0"},"up":{"uv":[8,1,9,2],"texture":"#0"},"down":{"uv":[10,9,11,10],"texture":"#0"}}},{"from":[13,16,2],"to":[14,32,3],"faces":{"north":{"uv":[12,0,13,16],"texture":"#0"},"east":{"uv":[9,0,10,16],"texture":"#0"},"south":{"uv":[15,0,16,16],"texture":"#0"},"west":{"uv":[7,0,8,16],"texture":"#0"},"up":{"uv":[8,1,9,2],"texture":"#0"},"down":{"uv":[10,9,11,10],"texture":"#0"}}},{"from":[2,0,2],"to":[3,16,3],"faces":{"north":{"uv":[12,0,13,16],"texture":"#0"},"east":{"uv":[9,0,10,16],"texture":"#0"},"south":{"uv":[15,0,16,16],"texture":"#0"},"west":{"uv":[7,0,8,16],"texture":"#0"},"up":{"uv":[8,1,9,2],"texture":"#0"},"down":{"uv":[10,9,11,10],"texture":"#0"}}},{"from":[2,16,2],"to":[3,32,3],"faces":{"north":{"uv":[12,0,13,16],"texture":"#0"},"east":{"uv":[9,0,10,16],"texture":"#0"},"south":{"uv":[15,0,16,16],"texture":"#0"},"west":{"uv":[7,0,8,16],"texture":"#0"},"up":{"uv":[8,1,9,2],"texture":"#0"},"down":{"uv":[10,9,11,10],"texture":"#0"}}},{"from":[0,28.25,1.75],"to":[16,29.25,2.75],"faces":{"north":{"uv":[12,0,13,16],"rotation":90,"texture":"#0"},"east":{"uv":[10,9,11,10],"rotation":270,"texture":"#0"},"south":{"uv":[15,0,16,16],"rotation":270,"texture":"#0"},"west":{"uv":[8,1,9,2],"rotation":270,"texture":"#0"},"up":{"uv":[9,0,10,16],"rotation":270,"texture":"#0"},"down":{"uv":[7,0,8,16],"rotation":270,"texture":"#0"}}},{"from":[0,28.25,13.25],"to":[16,29.25,14.25],"faces":{"north":{"uv":[12,0,13,16],"rotation":90,"texture":"#0"},"east":{"uv":[10,9,11,10],"rotation":270,"texture":"#0"},"south":{"uv":[15,0,16,16],"rotation":270,"texture":"#0"},"west":{"uv":[8,1,9,2],"rotation":270,"texture":"#0"},"up":{"uv":[9,0,10,16],"rotation":270,"texture":"#0"},"down":{"uv":[7,0,8,16],"rotation":270,"texture":"#0"}}},{"from":[1.75,28,0],"to":[2.75,29,16],"faces":{"north":{"uv":[10,9,11,10],"rotation":270,"texture":"#0"},"east":{"uv":[15,0,16,16],"rotation":270,"texture":"#0"},"south":{"uv":[8,1,9,2],"rotation":270,"texture":"#0"},"west":{"uv":[12,0,13,16],"rotation":90,"texture":"#0"},"up":{"uv":[9,0,10,16],"rotation":180,"texture":"#0"},"down":{"uv":[7,0,8,16],"texture":"#0"}}},{"from":[13.25,28,0],"to":[14.25,29,16],"faces":{"north":{"uv":[10,9,11,10],"rotation":270,"texture":"#0"},"east":{"uv":[15,0,16,16],"rotation":270,"texture":"#0"},"south":{"uv":[8,1,9,2],"rotation":270,"texture":"#0"},"west":{"uv":[12,0,13,16],"rotation":90,"texture":"#0"},"up":{"uv":[9,0,10,16],"rotation":180,"texture":"#0"},"down":{"uv":[7,0,8,16],"texture":"#0"}}},{"from":[2,0,13],"to":[3,16,14],"faces":{"north":{"uv":[12,0,13,16],"texture":"#0"},"east":{"uv":[9,0,10,16],"texture":"#0"},"south":{"uv":[15,0,16,16],"texture":"#0"},"west":{"uv":[7,0,8,16],"texture":"#0"},"up":{"uv":[8,1,9,2],"texture":"#0"},"down":{"uv":[10,9,11,10],"texture":"#0"}}},{"from":[2,16,13],"to":[3,32,14],"faces":{"north":{"uv":[12,0,13,16],"texture":"#0"},"east":{"uv":[9,0,10,16],"texture":"#0"},"south":{"uv":[15,0,16,16],"texture":"#0"},"west":{"uv":[7,0,8,16],"texture":"#0"},"up":{"uv":[8,1,9,2],"texture":"#0"},"down":{"uv":[10,9,11,10],"texture":"#0"}}},{"from":[2.5,0,0],"to":[2.5,32,16],"faces":{"north":{"uv":[0,0,0,16],"texture":"#1"},"east":{"uv":[0,0,16,16],"texture":"#1"},"south":{"uv":[0,0,0,16],"texture":"#1"},"west":{"uv":[0,0,16,16],"texture":"#1"},"up":{"uv":[0,0,0,16],"texture":"#1"},"down":{"uv":[0,0,0,16],"texture":"#1"}}},{"from":[13.5,0,0],"to":[13.5,32,16],"faces":{"north":{"uv":[0,0,0,16],"texture":"#1"},"east":{"uv":[0,0,16,16],"texture":"#1"},"south":{"uv":[0,0,0,16],"texture":"#1"},"west":{"uv":[0,0,16,16],"texture":"#1"},"up":{"uv":[0,0,0,16],"texture":"#1"},"down":{"uv":[0,0,0,16],"texture":"#1"}}},{"from":[0,0,2.5],"to":[16,32,2.5],"faces":{"north":{"uv":[0,0,16,16],"texture":"#1"},"east":{"uv":[0,0,0,16],"texture":"#1"},"south":{"uv":[0,0,16,16],"texture":"#1"},"west":{"uv":[0,0,0,16],"texture":"#1"},"up":{"uv":[0,0,0,16],"rotation":270,"texture":"#1"},"down":{"uv":[0,0,0,16],"rotation":90,"texture":"#1"}}},{"from":[0,0,13.5],"to":[16,32,13.5],"faces":{"north":{"uv":[0,0,16,16],"texture":"#1"},"east":{"uv":[0,0,0,16],"texture":"#1"},"south":{"uv":[0,0,16,16],"texture":"#1"},"west":{"uv":[0,0,0,16],"texture":"#1"},"up":{"uv":[0,0,0,16],"rotation":270,"texture":"#1"},"down":{"uv":[0,0,0,16],"rotation":90,"texture":"#1"}}},{"from":[0,28.75,0],"to":[16,28.75,16],"faces":{"north":{"uv":[0,0,16,0],"texture":"#2"},"east":{"uv":[0,0,16,0],"texture":"#2"},"south":{"uv":[0,0,16,0],"texture":"#2"},"west":{"uv":[0,0,16,0],"texture":"#2"},"up":{"uv":[0,0,16,16],"texture":"#2"},"down":{"uv":[0,0,16,8],"texture":"#2"}}}],"gui_light":"front","display":{"fixed":{"rotation":[-90,0,0],"translation":[0,0,-16],"scale":[2,2,2]}}}