{"credit":"Made with Blockbench","ambientocclusion":false,"textures":{"1":"7h6wdomfg:obf/j/j/v/n/f/d/j/n/q/o/.","particle":"7h6wdomfg:obf/5/k/i/3/o/e/0/1/y/v/.","crop":"7h6wdomfg:obf/5/k/i/3/o/e/0/1/y/v/."},"elements":[{"from":[0,-1,12],"to":[16,15,12],"shade":false,"faces":{"north":{"uv":[16,0,0,16],"texture":"#crop"},"south":{"uv":[0,0,16,16],"texture":"#crop"}}},{"from":[12,-1,0],"to":[12,15,16],"shade":false,"faces":{"east":{"uv":[0,0,16,16],"texture":"#crop"},"west":{"uv":[16,0,0,16],"texture":"#crop"}}},{"from":[0,-1,4],"to":[16,15,4],"shade":false,"faces":{"north":{"uv":[0,0,16,16],"texture":"#crop"},"south":{"uv":[16,0,0,16],"texture":"#crop"}}},{"from":[4,-1,0],"to":[4,15,16],"shade":false,"faces":{"east":{"uv":[16,0,0,16],"texture":"#crop"},"west":{"uv":[0,0,16,16],"texture":"#crop"}}},{"from":[9,2,3.5],"to":[10,4,4.5],"faces":{"north":{"uv":[3,2,4,4],"texture":"#1"},"east":{"uv":[3,2,4,4],"texture":"#1"},"south":{"uv":[3,2,4,4],"texture":"#1"},"west":{"uv":[3,2,4,4],"texture":"#1"},"up":{"uv":[3,2,4,3],"texture":"#1"},"down":{"uv":[3,3,4,4],"texture":"#1"}}},{"from":[5,6,3.5],"to":[6,8,4.5],"faces":{"north":{"uv":[3,2,4,4],"texture":"#1"},"east":{"uv":[3,2,4,4],"texture":"#1"},"south":{"uv":[3,2,4,4],"texture":"#1"},"west":{"uv":[3,2,4,4],"texture":"#1"},"up":{"uv":[3,2,4,3],"texture":"#1"},"down":{"uv":[3,3,4,4],"texture":"#1"}}},{"from":[10,7,3.5],"to":[11,9,4.5],"faces":{"north":{"uv":[3,2,4,4],"texture":"#1"},"east":{"uv":[3,2,4,4],"texture":"#1"},"south":{"uv":[3,2,4,4],"texture":"#1"},"west":{"uv":[3,2,4,4],"texture":"#1"},"up":{"uv":[3,2,4,3],"texture":"#1"},"down":{"uv":[3,3,4,4],"texture":"#1"}}},{"from":[3.5,7,6.5],"to":[4.5,9,7.5],"faces":{"north":{"uv":[3,2,4,4],"texture":"#1"},"east":{"uv":[3,2,4,4],"texture":"#1"},"south":{"uv":[3,2,4,4],"texture":"#1"},"west":{"uv":[3,2,4,4],"texture":"#1"},"up":{"uv":[3,2,4,3],"texture":"#1"},"down":{"uv":[3,3,4,4],"texture":"#1"}}},{"from":[3.5,3,9.5],"to":[4.5,5,10.5],"faces":{"north":{"uv":[3,2,4,4],"texture":"#1"},"east":{"uv":[3,2,4,4],"texture":"#1"},"south":{"uv":[3,2,4,4],"texture":"#1"},"west":{"uv":[3,2,4,4],"texture":"#1"},"up":{"uv":[3,2,4,3],"texture":"#1"},"down":{"uv":[3,3,4,4],"texture":"#1"}}},{"from":[3.5,2,4.5],"to":[4.5,4,5.5],"faces":{"north":{"uv":[3,2,4,4],"texture":"#1"},"east":{"uv":[3,2,4,4],"texture":"#1"},"south":{"uv":[3,2,4,4],"texture":"#1"},"west":{"uv":[3,2,4,4],"texture":"#1"},"up":{"uv":[3,2,4,3],"texture":"#1"},"down":{"uv":[3,3,4,4],"texture":"#1"}}},{"from":[5.5,2,11.5],"to":[6.5,4,12.5],"faces":{"north":{"uv":[3,2,4,4],"texture":"#1"},"east":{"uv":[3,2,4,4],"texture":"#1"},"south":{"uv":[3,2,4,4],"texture":"#1"},"west":{"uv":[3,2,4,4],"texture":"#1"},"up":{"uv":[3,2,4,3],"texture":"#1"},"down":{"uv":[3,3,4,4],"texture":"#1"}}},{"from":[5.5,7,11.5],"to":[6.5,9,12.5],"faces":{"north":{"uv":[3,2,4,4],"texture":"#1"},"east":{"uv":[3,2,4,4],"texture":"#1"},"south":{"uv":[3,2,4,4],"texture":"#1"},"west":{"uv":[3,2,4,4],"texture":"#1"},"up":{"uv":[3,2,4,3],"texture":"#1"},"down":{"uv":[3,3,4,4],"texture":"#1"}}},{"from":[9.5,5,11.5],"to":[10.5,7,12.5],"faces":{"north":{"uv":[3,2,4,4],"texture":"#1"},"east":{"uv":[3,2,4,4],"texture":"#1"},"south":{"uv":[3,2,4,4],"texture":"#1"},"west":{"uv":[3,2,4,4],"texture":"#1"},"up":{"uv":[3,2,4,3],"texture":"#1"},"down":{"uv":[3,3,4,4],"texture":"#1"}}},{"from":[11.5,8,10.5],"to":[12.5,10,11.5],"faces":{"north":{"uv":[3,2,4,4],"texture":"#1"},"east":{"uv":[3,2,4,4],"texture":"#1"},"south":{"uv":[3,2,4,4],"texture":"#1"},"west":{"uv":[3,2,4,4],"texture":"#1"},"up":{"uv":[3,2,4,3],"texture":"#1"},"down":{"uv":[3,3,4,4],"texture":"#1"}}},{"from":[11.5,2,8.5],"to":[12.5,4,9.5],"faces":{"north":{"uv":[3,2,4,4],"texture":"#1"},"east":{"uv":[3,2,4,4],"texture":"#1"},"south":{"uv":[3,2,4,4],"texture":"#1"},"west":{"uv":[3,2,4,4],"texture":"#1"},"up":{"uv":[3,2,4,3],"texture":"#1"},"down":{"uv":[3,3,4,4],"texture":"#1"}}},{"from":[11.5,6,5.5],"to":[12.5,8,6.5],"faces":{"north":{"uv":[3,2,4,4],"texture":"#1"},"east":{"uv":[3,2,4,4],"texture":"#1"},"south":{"uv":[3,2,4,4],"texture":"#1"},"west":{"uv":[3,2,4,4],"texture":"#1"},"up":{"uv":[3,2,4,3],"texture":"#1"},"down":{"uv":[3,3,4,4],"texture":"#1"}}}],"display":{"gui":{"translation":[0,1,0]},"fixed":{"rotation":[-90,0,0],"translation":[0,0,-14.75],"scale":[2,2,2]}},"groups":[0,1,2,3,{"name":"all","origin":[0,0,0],"color":0,"boneType":"","children":[4,5,6,7,8,9,10,11,12,13,14,15]}]}