{"credit":"Made with Blockbench","texture_size":[32,32],"textures":{"0":"loqjmreiy:obf/h/6/x/e/4/e/t/7/5/y/.","particle":"loqjmreiy:obf/h/6/x/e/4/e/t/7/5/y/."},"elements":[{"from":[9.25,2.35,1.25],"to":[9.25,4.35,2.25],"faces":{"north":{"uv":[0,0,0,1],"texture":"#0"},"east":{"uv":[3.5,10,4,11],"texture":"#0"},"south":{"uv":[0,0,0,1],"texture":"#0"},"west":{"uv":[4,10,4.5,11],"texture":"#0"},"up":{"uv":[0,0.5,0,0],"texture":"#0"},"down":{"uv":[0,0,0,0.5],"texture":"#0"}}},{"from":[9.25,2.35,2.25],"to":[9.25,4.35,4.25],"faces":{"north":{"uv":[0,0,0,1],"texture":"#0"},"east":{"uv":[4.5,9.5,5.5,10.5],"texture":"#0"},"south":{"uv":[0,0,0,1],"texture":"#0"},"west":{"uv":[5.5,9.5,6.5,10.5],"texture":"#0"},"up":{"uv":[0,1,0,0],"texture":"#0"},"down":{"uv":[0,0,0,1],"texture":"#0"}}},{"from":[9.25,4.35,2.25],"to":[9.25,5.35,4.25],"faces":{"north":{"uv":[0,0,0,0.5],"texture":"#0"},"east":{"uv":[10,7,11,7.5],"texture":"#0"},"south":{"uv":[0,0,0,0.5],"texture":"#0"},"west":{"uv":[10,7.5,11,8],"texture":"#0"},"up":{"uv":[0,1,0,0],"texture":"#0"},"down":{"uv":[0,0,0,1],"texture":"#0"}}},{"from":[9.25,2.35,4.25],"to":[9.25,4.35,5.25],"faces":{"north":{"uv":[0,0,0,1],"texture":"#0"},"east":{"uv":[8,10,8.5,11],"texture":"#0"},"south":{"uv":[0,0,0,1],"texture":"#0"},"west":{"uv":[8.5,10,9,11],"texture":"#0"},"up":{"uv":[0,0.5,0,0],"texture":"#0"},"down":{"uv":[0,0,0,0.5],"texture":"#0"}}},{"from":[9.25,1.35,2.25],"to":[9.25,2.35,4.25],"faces":{"north":{"uv":[0,0,0,0.5],"texture":"#0"},"east":{"uv":[10,8,11,8.5],"texture":"#0"},"south":{"uv":[0,0,0,0.5],"texture":"#0"},"west":{"uv":[10,9.5,11,10],"texture":"#0"},"up":{"uv":[0,1,0,0],"texture":"#0"},"down":{"uv":[0,0,0,1],"texture":"#0"}}},{"from":[7,2.85,3.25],"to":[9.25,3.85,3.25],"faces":{"north":{"uv":[10,10,11,10.5],"texture":"#0"},"east":{"uv":[0,0,0,0.5],"texture":"#0"},"south":{"uv":[0.5,10.5,1.5,11],"texture":"#0"},"west":{"uv":[0,0,0,0.5],"texture":"#0"},"up":{"uv":[1,0,0,0],"texture":"#0"},"down":{"uv":[1,0,0,0],"texture":"#0"}}},{"from":[7,3.35,2.75],"to":[9.25,3.35,3.75],"faces":{"north":{"uv":[0,0,1,0],"texture":"#0"},"east":{"uv":[0,0,0.5,0],"texture":"#0"},"south":{"uv":[0,0,1,0],"texture":"#0"},"west":{"uv":[0,0,0.5,0],"texture":"#0"},"up":{"uv":[2.5,11,1.5,10.5],"texture":"#0"},"down":{"uv":[3.5,10.5,2.5,11],"texture":"#0"}}},{"from":[6,3.65,7],"to":[6,4.65,9.25],"faces":{"north":{"uv":[0,0,0,0.5],"texture":"#0"},"east":{"uv":[4.5,10.5,5.5,11],"texture":"#0"},"south":{"uv":[0,0,0,0.5],"texture":"#0"},"west":{"uv":[5.5,10.5,6.5,11],"texture":"#0"},"up":{"uv":[0,1,0,0],"texture":"#0"},"down":{"uv":[0,0,0,1],"texture":"#0"}}},{"from":[5.5,4.15,7],"to":[6.5,4.15,9.25],"faces":{"north":{"uv":[0,0,0.5,0],"texture":"#0"},"east":{"uv":[0,0,1,0],"texture":"#0"},"south":{"uv":[0,0,0.5,0],"texture":"#0"},"west":{"uv":[0,0,1,0],"texture":"#0"},"up":{"uv":[9.5,11,9,10],"texture":"#0"},"down":{"uv":[11,6,10.5,7],"texture":"#0"}}},{"from":[4.5,3.65,9.25],"to":[5.5,4.65,9.25],"faces":{"north":{"uv":[8.5,11,9,11.5],"texture":"#0"},"east":{"uv":[0,0,0,0.5],"texture":"#0"},"south":{"uv":[9,11,9.5,11.5],"texture":"#0"},"west":{"uv":[0,0,0,0.5],"texture":"#0"},"up":{"uv":[0.5,0,0,0],"texture":"#0"},"down":{"uv":[0.5,0,0,0],"texture":"#0"}}},{"from":[5.5,4.65,9.25],"to":[6.5,5.65,9.25],"faces":{"north":{"uv":[9.5,11,10,11.5],"texture":"#0"},"east":{"uv":[0,0,0,0.5],"texture":"#0"},"south":{"uv":[11,9.5,11.5,10],"texture":"#0"},"west":{"uv":[0,0,0,0.5],"texture":"#0"},"up":{"uv":[0.5,0,0,0],"texture":"#0"},"down":{"uv":[0.5,0,0,0],"texture":"#0"}}},{"from":[5.5,3.65,9.25],"to":[6.5,4.65,9.25],"faces":{"north":{"uv":[10,11,10.5,11.5],"texture":"#0"},"east":{"uv":[0,0,0,0.5],"texture":"#0"},"south":{"uv":[11,10,11.5,10.5],"texture":"#0"},"west":{"uv":[0,0,0,0.5],"texture":"#0"},"up":{"uv":[0.5,0,0,0],"texture":"#0"},"down":{"uv":[0.5,0,0,0],"texture":"#0"}}},{"from":[6.5,3.65,9.25],"to":[7.5,4.65,9.25],"faces":{"north":{"uv":[10.5,11,11,11.5],"texture":"#0"},"east":{"uv":[0,0,0,0.5],"texture":"#0"},"south":{"uv":[11,10.5,11.5,11],"texture":"#0"},"west":{"uv":[0,0,0,0.5],"texture":"#0"},"up":{"uv":[0.5,0,0,0],"texture":"#0"},"down":{"uv":[0.5,0,0,0],"texture":"#0"}}},{"from":[5.5,2.65,9.25],"to":[6.5,3.65,9.25],"faces":{"north":{"uv":[11,11,11.5,11.5],"texture":"#0"},"east":{"uv":[0,0,0,0.5],"texture":"#0"},"south":{"uv":[0,11.5,0.5,12],"texture":"#0"},"west":{"uv":[0,0,0,0.5],"texture":"#0"},"up":{"uv":[0.5,0,0,0],"texture":"#0"},"down":{"uv":[0.5,0,0,0],"texture":"#0"}}},{"from":[-0.25,3.15,4],"to":[-0.25,5.15,5],"faces":{"north":{"uv":[0,0,0,1],"texture":"#0"},"east":{"uv":[6.5,10.5,7,11.5],"texture":"#0"},"south":{"uv":[0,0,0,1],"texture":"#0"},"west":{"uv":[7,10.5,7.5,11.5],"texture":"#0"},"up":{"uv":[0,0.5,0,0],"texture":"#0"},"down":{"uv":[0,0,0,0.5],"texture":"#0"}}},{"from":[-0.25,3.15,5],"to":[-0.25,5.15,7],"faces":{"north":{"uv":[0,0,0,1],"texture":"#0"},"east":{"uv":[9.5,6,10.5,7],"texture":"#0"},"south":{"uv":[0,0,0,1],"texture":"#0"},"west":{"uv":[6.5,9.5,7.5,10.5],"texture":"#0"},"up":{"uv":[0,1,0,0],"texture":"#0"},"down":{"uv":[0,0,0,1],"texture":"#0"}}},{"from":[-0.25,2.15,5],"to":[-0.25,3.15,7],"faces":{"north":{"uv":[0,0,0,0.5],"texture":"#0"},"east":{"uv":[10,10.5,11,11],"texture":"#0"},"south":{"uv":[0,0,0,0.5],"texture":"#0"},"west":{"uv":[0.5,11,1.5,11.5],"texture":"#0"},"up":{"uv":[0,1,0,0],"texture":"#0"},"down":{"uv":[0,0,0,1],"texture":"#0"}}},{"from":[-0.25,3.15,7],"to":[-0.25,5.15,8],"faces":{"north":{"uv":[0,0,0,1],"texture":"#0"},"east":{"uv":[1.5,11,2,12],"texture":"#0"},"south":{"uv":[0,0,0,1],"texture":"#0"},"west":{"uv":[2,11,2.5,12],"texture":"#0"},"up":{"uv":[0,0.5,0,0],"texture":"#0"},"down":{"uv":[0,0,0,0.5],"texture":"#0"}}},{"from":[-0.25,5.15,5],"to":[-0.25,6.15,7],"faces":{"north":{"uv":[0,0,0,0.5],"texture":"#0"},"east":{"uv":[2.5,11,3.5,11.5],"texture":"#0"},"south":{"uv":[0,0,0,0.5],"texture":"#0"},"west":{"uv":[3.5,11,4.5,11.5],"texture":"#0"},"up":{"uv":[0,1,0,0],"texture":"#0"},"down":{"uv":[0,0,0,1],"texture":"#0"}}},{"from":[-0.25,3.65,6],"to":[2,4.65,6],"faces":{"north":{"uv":[4.5,11,5.5,11.5],"texture":"#0"},"east":{"uv":[0,0,0,0.5],"texture":"#0"},"south":{"uv":[5.5,11,6.5,11.5],"texture":"#0"},"west":{"uv":[0,0,0,0.5],"texture":"#0"},"up":{"uv":[1,0,0,0],"texture":"#0"},"down":{"uv":[1,0,0,0],"texture":"#0"}}},{"from":[-0.25,4.15,5.5],"to":[2,4.15,6.5],"faces":{"north":{"uv":[0,0,1,0],"texture":"#0"},"east":{"uv":[0,0,0.5,0],"texture":"#0"},"south":{"uv":[0,0,1,0],"texture":"#0"},"west":{"uv":[0,0,0.5,0],"texture":"#0"},"up":{"uv":[12,6.5,11,6],"texture":"#0"},"down":{"uv":[12,6.5,11,7],"texture":"#0"}}},{"from":[4.15,7,1.5],"to":[5.15,7,4.5],"faces":{"north":{"uv":[0,0,0.5,0],"texture":"#0"},"east":{"uv":[0,0,1.5,0],"texture":"#0"},"south":{"uv":[0,0,0.5,0],"texture":"#0"},"west":{"uv":[0,0,1.5,0],"texture":"#0"},"up":{"uv":[10,8.5,9.5,7],"texture":"#0"},"down":{"uv":[8,9.5,7.5,11],"texture":"#0"}}},{"from":[5.15,7,1.5],"to":[8.15,7,4.5],"faces":{"north":{"uv":[0,0,1.5,0],"texture":"#0"},"east":{"uv":[0,0,1.5,0],"texture":"#0"},"south":{"uv":[0,0,1.5,0],"texture":"#0"},"west":{"uv":[0,0,1.5,0],"texture":"#0"},"up":{"uv":[9.5,7.5,8,6],"texture":"#0"},"down":{"uv":[9.5,7.5,8,9],"texture":"#0"}}},{"from":[5.15,7,0.5],"to":[8.15,7,1.5],"faces":{"north":{"uv":[0,0,1.5,0],"texture":"#0"},"east":{"uv":[0,0,0.5,0],"texture":"#0"},"south":{"uv":[0,0,1.5,0],"texture":"#0"},"west":{"uv":[0,0,0.5,0],"texture":"#0"},"up":{"uv":[9.5,10,8,9.5],"texture":"#0"},"down":{"uv":[11,8.5,9.5,9],"texture":"#0"}}},{"from":[8.15,7,1.5],"to":[9.15,7,4.5],"faces":{"north":{"uv":[0,0,0.5,0],"texture":"#0"},"east":{"uv":[0,0,1.5,0],"texture":"#0"},"south":{"uv":[0,0,0.5,0],"texture":"#0"},"west":{"uv":[0,0,1.5,0],"texture":"#0"},"up":{"uv":[10,11,9.5,9.5],"texture":"#0"},"down":{"uv":[0.5,10,0,11.5],"texture":"#0"}}},{"from":[5.15,7,4.5],"to":[8.15,7,5.5],"faces":{"north":{"uv":[0,0,1.5,0],"texture":"#0"},"east":{"uv":[0,0,0.5,0],"texture":"#0"},"south":{"uv":[0,0,1.5,0],"texture":"#0"},"west":{"uv":[0,0,0.5,0],"texture":"#0"},"up":{"uv":[2,10.5,0.5,10],"texture":"#0"},"down":{"uv":[3.5,10,2,10.5],"texture":"#0"}}},{"from":[6.65,4.75,2.5],"to":[6.65,7,3.5],"faces":{"north":{"uv":[0,0,0,1],"texture":"#0"},"east":{"uv":[11,7,11.5,8],"texture":"#0"},"south":{"uv":[0,0,0,1],"texture":"#0"},"west":{"uv":[7.5,11,8,12],"texture":"#0"},"up":{"uv":[0,0.5,0,0],"texture":"#0"},"down":{"uv":[0,0,0,0.5],"texture":"#0"}}},{"from":[6.15,4.75,3],"to":[7.15,7,3],"faces":{"north":{"uv":[8,11,8.5,12],"texture":"#0"},"east":{"uv":[0,0,0,1],"texture":"#0"},"south":{"uv":[11,8,11.5,9],"texture":"#0"},"west":{"uv":[0,0,0,1],"texture":"#0"},"up":{"uv":[0.5,0,0,0],"texture":"#0"},"down":{"uv":[0.5,0,0,0],"texture":"#0"}}},{"from":[1.5,3.5,0.9],"to":[2.5,4.5,0.9],"faces":{"north":{"uv":[11.5,0,12,0.5],"texture":"#0"},"east":{"uv":[0,0,0,0.5],"texture":"#0"},"south":{"uv":[0.5,11.5,1,12],"texture":"#0"},"west":{"uv":[0,0,0,0.5],"texture":"#0"},"up":{"uv":[0.5,0,0,0],"texture":"#0"},"down":{"uv":[0.5,0,0,0],"texture":"#0"}}},{"from":[1.5,5.5,0.9],"to":[2.5,6.5,0.9],"faces":{"north":{"uv":[11.5,0.5,12,1],"texture":"#0"},"east":{"uv":[0,0,0,0.5],"texture":"#0"},"south":{"uv":[1,11.5,1.5,12],"texture":"#0"},"west":{"uv":[0,0,0,0.5],"texture":"#0"},"up":{"uv":[0.5,0,0,0],"texture":"#0"},"down":{"uv":[0.5,0,0,0],"texture":"#0"}}},{"from":[0.5,4.5,0.9],"to":[1.5,5.5,0.9],"faces":{"north":{"uv":[11.5,1,12,1.5],"texture":"#0"},"east":{"uv":[0,0,0,0.5],"texture":"#0"},"south":{"uv":[11.5,1.5,12,2],"texture":"#0"},"west":{"uv":[0,0,0,0.5],"texture":"#0"},"up":{"uv":[0.5,0,0,0],"texture":"#0"},"down":{"uv":[0.5,0,0,0],"texture":"#0"}}},{"from":[1.5,4.5,0.9],"to":[2.5,5.5,0.9],"faces":{"north":{"uv":[11.5,2,12,2.5],"texture":"#0"},"east":{"uv":[0,0,0,0.5],"texture":"#0"},"south":{"uv":[2.5,11.5,3,12],"texture":"#0"},"west":{"uv":[0,0,0,0.5],"texture":"#0"},"up":{"uv":[0.5,0,0,0],"texture":"#0"},"down":{"uv":[0.5,0,0,0],"texture":"#0"}}},{"from":[2.5,4.5,0.9],"to":[3.5,5.5,0.9],"faces":{"north":{"uv":[11.5,2.5,12,3],"texture":"#0"},"east":{"uv":[0,0,0,0.5],"texture":"#0"},"south":{"uv":[3,11.5,3.5,12],"texture":"#0"},"west":{"uv":[0,0,0,0.5],"texture":"#0"},"up":{"uv":[0.5,0,0,0],"texture":"#0"},"down":{"uv":[0.5,0,0,0],"texture":"#0"}}},{"from":[0,0,0],"to":[9,1,9],"faces":{"north":{"uv":[0,9,4.5,9.5],"texture":"#0"},"east":{"uv":[4.5,9,9,9.5],"texture":"#0"},"south":{"uv":[9,9,13.5,9.5],"texture":"#0"},"west":{"uv":[0,9.5,4.5,10],"texture":"#0"},"up":{"uv":[4.5,4.5,0,0],"texture":"#0"},"down":{"uv":[4.5,4.5,0,9],"texture":"#0"}}},{"from":[1,1,1],"to":[8,5,8],"faces":{"north":{"uv":[4.5,7,8,9],"texture":"#0"},"east":{"uv":[8,0,11.5,2],"texture":"#0"},"south":{"uv":[8,2,11.5,4],"texture":"#0"},"west":{"uv":[8,4,11.5,6],"texture":"#0"},"up":{"uv":[8,3.5,4.5,0],"texture":"#0"},"down":{"uv":[8,3.5,4.5,7],"texture":"#0"}}}],"display":{"thirdperson_righthand":{"translation":[3.5,5.25,-0.25]},"thirdperson_lefthand":{"translation":[-3.5,5.25,-0.25]},"firstperson_righthand":{"rotation":[25,0,0],"translation":[3,5.75,3.5]},"firstperson_lefthand":{"rotation":[25,0,0],"translation":[-2,5.75,3.75]},"ground":{"translation":[0,7.5,1],"scale":[1.22,1.22,1.22]},"gui":{"rotation":[38.26,-17.41,13.25],"translation":[1,3,0],"scale":[1.48,1.48,1.48]},"head":{"translation":[7.25,17.75,7],"scale":[2.1,2.1,2.1]},"fixed":{"rotation":[-90,0,0],"translation":[7.5,7.5,-15],"scale":[2.13,2.13,2.13]}},"groups":[{"name":"cherry_blossom_hat","origin":[8,8,8],"color":0,"nbt":"{}","children":[{"name":"medium_flower","origin":[0,0,0],"color":0,"nbt":"{}","children":[0,1,2,3,4,5,6]},{"name":"medium_flower_back","origin":[0,0,0],"color":0,"nbt":"{}","children":[7,8,9,10,11,12,13]},{"name":"medium_flower","origin":[0,0,0],"color":0,"nbt":"{}","children":[14,15,16,17,18,19,20]},{"name":"big_flower","origin":[0,0,0],"color":0,"nbt":"{}","children":[21,22,23,24,25,26,27]},{"name":"front_flower","origin":[0,0,0],"color":0,"nbt":"{}","children":[28,29,30,31,32]},{"name":"core","origin":[0,0,0],"color":0,"nbt":"{}","children":[33,34]}]}]}