{"credit":"momirealms","texture_size":[64,64],"textures":{"1":"9zywu6k50:obf/n/w/4/r/w/8/5/9/6/6/.","particle":"9zywu6k50:obf/n/w/4/r/w/8/5/9/6/6/."},"elements":[{"from":[8.37402,0,1.50818],"to":[8.37402,16,17.50818],"rotation":{"angle":0,"axis":"y","origin":[8.37402,8,9.00818]},"faces":{"north":{"uv":[0,0,0,4],"texture":"#1"},"east":{"uv":[4,0,0,4],"texture":"#1"},"south":{"uv":[0,0,0,4],"texture":"#1"},"west":{"uv":[0,0,4,4],"texture":"#1"},"up":{"uv":[0,0,4,0],"rotation":270,"texture":"#1"},"down":{"uv":[0,0,4,0],"rotation":90,"texture":"#1"}}},{"from":[0.57402,0,9.00818],"to":[16.57402,16,9.00818],"rotation":{"angle":0,"axis":"y","origin":[4.88701,6.5,6.35409]},"faces":{"north":{"uv":[4,0,0,4],"texture":"#1"},"east":{"uv":[0,0,0,4],"texture":"#1"},"south":{"uv":[0,0,4,4],"texture":"#1"},"west":{"uv":[0,0,0,4],"texture":"#1"},"up":{"uv":[0,0,4,0],"rotation":180,"texture":"#1"},"down":{"uv":[0,0,4,0],"rotation":180,"texture":"#1"}}},{"from":[6.8,0,-4.5],"to":[6.8,16,11.5],"rotation":{"angle":-45,"axis":"y","origin":[0.4,8,8]},"faces":{"north":{"uv":[0,0,0,4],"texture":"#1"},"east":{"uv":[4.75,0,8.75,4],"texture":"#1"},"south":{"uv":[0,0,0,4],"texture":"#1"},"west":{"uv":[4.75,0,8.75,4],"texture":"#1"},"up":{"uv":[0,0,0,4],"texture":"#1"},"down":{"uv":[0,0,0,4],"texture":"#1"}}},{"from":[8.26102,0,0.98995],"to":[8.26102,16,16.98995],"rotation":{"angle":45,"axis":"y","origin":[8.26102,8,8.98995]},"faces":{"north":{"uv":[0,0,0,4],"texture":"#1"},"east":{"uv":[4.75,0,8.75,4],"texture":"#1"},"south":{"uv":[0,0,0,4],"texture":"#1"},"west":{"uv":[4.75,0,8.75,4],"texture":"#1"},"up":{"uv":[0,0,0,4],"texture":"#1"},"down":{"uv":[0,0,0,4],"texture":"#1"}}}],"gui_light":"front","display":{"fixed":{"rotation":[-90,0,0],"translation":[0,0,-16],"scale":[2,2,2]}}}