{"credit":"Made with Blockbench","texture_size":[16,32],"textures":{"0":"hz0b9qrvr:obf/d/m/x/o/3/z/2/t/t/j/.","1":"nilnm8of3:obf/r/c/s/9/2/f/e/i/s/b/.","particle":"hz0b9qrvr:obf/d/m/x/o/3/z/2/t/t/j/."},"elements":[{"from":[-8,0,11],"to":[8,32,11],"rotation":{"angle":45,"axis":"y","origin":[0,0,0]},"faces":{"north":{"uv":[0,0,16,16],"texture":"#0"},"east":{"uv":[0,0,0,16],"texture":"#missing"},"south":{"uv":[0,0,16,16],"texture":"#0"},"west":{"uv":[0,0,0,16],"texture":"#missing"},"up":{"uv":[0,0,16,0],"texture":"#missing"},"down":{"uv":[0,0,16,0],"texture":"#missing"}}},{"from":[2,0,0],"to":[21,32,0],"rotation":{"angle":-45,"axis":"y","origin":[0,0,0]},"faces":{"north":{"uv":[0,0,16,16],"texture":"#0"},"east":{"uv":[0,0,0,16],"texture":"#missing"},"south":{"uv":[0,0,16,16],"texture":"#0"},"west":{"uv":[0,0,0,16],"texture":"#missing"},"up":{"uv":[0,0,16,0],"texture":"#missing"},"down":{"uv":[0,0,16,0],"texture":"#missing"}}},{"from":[5,16,5],"to":[7,18,7],"faces":{"north":{"uv":[8,1,10,2],"texture":"#1"},"east":{"uv":[8,1,10,2],"texture":"#1"},"south":{"uv":[8,1,10,2],"texture":"#1"},"west":{"uv":[8,1,10,2],"texture":"#1"},"up":{"uv":[8,1,10,2],"texture":"#1"},"down":{"uv":[8,1,10,2],"texture":"#1"}}},{"from":[5,16,9],"to":[7,18,11],"faces":{"north":{"uv":[8,1,10,2],"texture":"#1"},"east":{"uv":[8,1,10,2],"texture":"#1"},"south":{"uv":[8,1,10,2],"texture":"#1"},"west":{"uv":[8,1,10,2],"texture":"#1"},"up":{"uv":[8,1,10,2],"texture":"#1"},"down":{"uv":[8,1,10,2],"texture":"#1"}}},{"from":[9,16,9],"to":[11,18,11],"faces":{"north":{"uv":[8,1,10,2],"texture":"#1"},"east":{"uv":[8,1,10,2],"texture":"#1"},"south":{"uv":[8,1,10,2],"texture":"#1"},"west":{"uv":[8,1,10,2],"texture":"#1"},"up":{"uv":[8,1,10,2],"texture":"#1"},"down":{"uv":[8,1,10,2],"texture":"#1"}}},{"from":[9,16,4.75],"to":[11,18,6.75],"faces":{"north":{"uv":[8,1,10,2],"texture":"#1"},"east":{"uv":[8,1,10,2],"texture":"#1"},"south":{"uv":[8,1,10,2],"texture":"#1"},"west":{"uv":[8,1,10,2],"texture":"#1"},"up":{"uv":[8,1,10,2],"texture":"#1"},"down":{"uv":[8,1,10,2],"texture":"#1"}}},{"from":[9,22,4.75],"to":[11,24,6.75],"faces":{"north":{"uv":[8,1,10,2],"texture":"#1"},"east":{"uv":[8,1,10,2],"texture":"#1"},"south":{"uv":[8,1,10,2],"texture":"#1"},"west":{"uv":[8,1,10,2],"texture":"#1"},"up":{"uv":[8,1,10,2],"texture":"#1"},"down":{"uv":[8,1,10,2],"texture":"#1"}}},{"from":[4.75,24,4.75],"to":[6.75,26,6.75],"faces":{"north":{"uv":[8,1,10,2],"texture":"#1"},"east":{"uv":[8,1,10,2],"texture":"#1"},"south":{"uv":[8,1,10,2],"texture":"#1"},"west":{"uv":[8,1,10,2],"texture":"#1"},"up":{"uv":[8,1,10,2],"texture":"#1"},"down":{"uv":[8,1,10,2],"texture":"#1"}}},{"from":[4.75,21,8.75],"to":[6.75,23,10.75],"faces":{"north":{"uv":[8,1,10,2],"texture":"#1"},"east":{"uv":[8,1,10,2],"texture":"#1"},"south":{"uv":[8,1,10,2],"texture":"#1"},"west":{"uv":[8,1,10,2],"texture":"#1"},"up":{"uv":[8,1,10,2],"texture":"#1"},"down":{"uv":[8,1,10,2],"texture":"#1"}}},{"from":[9.5,21,9.5],"to":[11.5,23,11.5],"faces":{"north":{"uv":[8,1,10,2],"texture":"#1"},"east":{"uv":[8,1,10,2],"texture":"#1"},"south":{"uv":[8,1,10,2],"texture":"#1"},"west":{"uv":[8,1,10,2],"texture":"#1"},"up":{"uv":[8,1,10,2],"texture":"#1"},"down":{"uv":[8,1,10,2],"texture":"#1"}}}],"display":{"gui":{"rotation":[30,225,0],"translation":[-0.5,-3.75,0],"scale":[0.625,0.625,0.625]},"fixed":{"rotation":[-90,0,0],"translation":[0,0,-14.75],"scale":[2,2,2]}},"groups":[0,1,{"name":"all","origin":[8,8,8],"color":0,"boneType":"","children":[2,3,4,5,6,7,8,9]}]}