{"credit":"Made with Blockbench","texture_size":[16,32],"textures":{"0":"hz0b9qrvr:obf/9/b/w/r/4/3/c/k/a/i/.","1":"nilnm8of3:obf/r/c/s/9/2/f/e/i/s/b/.","particle":"hz0b9qrvr:obf/9/b/w/r/4/3/c/k/a/i/."},"elements":[{"from":[-8,0,11],"to":[8,32,11],"rotation":{"angle":45,"axis":"y","origin":[0,0,0]},"faces":{"north":{"uv":[0,0,16,16],"texture":"#0"},"east":{"uv":[0,0,0,16],"texture":"#missing"},"south":{"uv":[0,0,16,16],"texture":"#0"},"west":{"uv":[0,0,0,16],"texture":"#missing"},"up":{"uv":[0,0,16,0],"texture":"#missing"},"down":{"uv":[0,0,16,0],"texture":"#missing"}}},{"from":[2,0,0],"to":[21,32,0],"rotation":{"angle":-45,"axis":"y","origin":[0,0,0]},"faces":{"north":{"uv":[0,0,16,16],"texture":"#0"},"east":{"uv":[0,0,0,16],"texture":"#missing"},"south":{"uv":[0,0,16,16],"texture":"#0"},"west":{"uv":[0,0,0,16],"texture":"#missing"},"up":{"uv":[0,0,16,0],"texture":"#missing"},"down":{"uv":[0,0,16,0],"texture":"#missing"}}},{"from":[2.5,11,2.5],"to":[3.5,15,3.5],"faces":{"north":{"uv":[2,2,3,4],"texture":"#1"},"east":{"uv":[3,2,4,4],"texture":"#1"},"south":{"uv":[3,2,4,4],"texture":"#1"},"west":{"uv":[2,2,3,4],"texture":"#1"},"up":{"uv":[4,1.5,5,2],"texture":"#1"},"down":{"uv":[5,1.5,6,2],"texture":"#1"}}},{"from":[4.5,19,4.5],"to":[5.5,23,5.5],"faces":{"north":{"uv":[2,2,3,4],"texture":"#1"},"east":{"uv":[3,2,4,4],"texture":"#1"},"south":{"uv":[3,2,4,4],"texture":"#1"},"west":{"uv":[2,2,3,4],"texture":"#1"},"up":{"uv":[4,1.5,5,2],"texture":"#1"},"down":{"uv":[5,1.5,6,2],"texture":"#1"}}},{"from":[12.5,11,12.5],"to":[13.5,15,13.5],"faces":{"north":{"uv":[2,2,3,4],"texture":"#1"},"east":{"uv":[3,2,4,4],"texture":"#1"},"south":{"uv":[2,2,3,4],"texture":"#1"},"west":{"uv":[3,2,4,4],"texture":"#1"},"up":{"uv":[4,1.5,5,2],"texture":"#1"},"down":{"uv":[5,1.5,6,2],"texture":"#1"}}},{"from":[12.5,11,2.5],"to":[13.5,15,3.5],"rotation":{"angle":0,"axis":"y","origin":[16,0,0]},"faces":{"north":{"uv":[3,2,2,4],"texture":"#1"},"east":{"uv":[4,2,3,4],"texture":"#1"},"south":{"uv":[4,2,3,4],"texture":"#1"},"west":{"uv":[3,2,2,4],"texture":"#1"},"up":{"uv":[5,1.5,4,2],"texture":"#1"},"down":{"uv":[6,1.5,5,2],"texture":"#1"}}},{"from":[3,11,11.5],"to":[4,15,12.5],"rotation":{"angle":0,"axis":"y","origin":[16,0,0]},"faces":{"north":{"uv":[3,2,2,4],"texture":"#1"},"east":{"uv":[4,2,3,4],"texture":"#1"},"south":{"uv":[4,2,3,4],"texture":"#1"},"west":{"uv":[3,2,2,4],"texture":"#1"},"up":{"uv":[5,1.5,4,2],"texture":"#1"},"down":{"uv":[6,1.5,5,2],"texture":"#1"}}},{"from":[3.5,20,11.5],"to":[4.5,24,12.5],"rotation":{"angle":0,"axis":"y","origin":[16,0,0]},"faces":{"north":{"uv":[3,2,2,4],"texture":"#1"},"east":{"uv":[4,2,3,4],"texture":"#1"},"south":{"uv":[4,2,3,4],"texture":"#1"},"west":{"uv":[3,2,2,4],"texture":"#1"},"up":{"uv":[5,1.5,4,2],"texture":"#1"},"down":{"uv":[6,1.5,5,2],"texture":"#1"}}},{"from":[10.5,19,4.5],"to":[11.5,23,5.5],"rotation":{"angle":0,"axis":"y","origin":[16,0,0]},"faces":{"north":{"uv":[3,2,2,4],"texture":"#1"},"east":{"uv":[4,2,3,4],"texture":"#1"},"south":{"uv":[4,2,3,4],"texture":"#1"},"west":{"uv":[3,2,2,4],"texture":"#1"},"up":{"uv":[5,1.5,4,2],"texture":"#1"},"down":{"uv":[6,1.5,5,2],"texture":"#1"}}},{"from":[11.5,20,11.5],"to":[12.5,24,12.5],"faces":{"north":{"uv":[2,2,3,4],"texture":"#1"},"east":{"uv":[3,2,4,4],"texture":"#1"},"south":{"uv":[3,2,4,4],"texture":"#1"},"west":{"uv":[2,2,3,4],"texture":"#1"},"up":{"uv":[4,1.5,5,2],"texture":"#1"},"down":{"uv":[5,1.5,6,2],"texture":"#1"}}}],"display":{"gui":{"rotation":[30,225,0],"translation":[-0.5,-3.75,0],"scale":[0.625,0.625,0.625]},"fixed":{"rotation":[-90,0,0],"translation":[0,0,-14.75],"scale":[2,2,2]}},"groups":[0,1,{"name":"all","origin":[8,8,8],"color":0,"boneType":"","children":[2,3,4,5,6,7,8,9]}]}