{"credit":"Made with Blockbench","ambientocclusion":false,"texture_size":[32,32],"textures":{"0":"7h6wdomfg:obf/z/9/0/x/1/w/w/4/4/j/.","particle":"7h6wdomfg:obf/z/9/0/x/1/w/w/4/4/j/."},"elements":[{"from":[0.625,6,7.025],"to":[15.375,7.8,8.975],"faces":{"north":{"uv":[5.5,3,13,4],"texture":"#0"},"east":{"uv":[3,11,4,12],"texture":"#0"},"south":{"uv":[5.5,4,13,5],"texture":"#0"},"west":{"uv":[3,12,4,13],"texture":"#0"},"up":{"uv":[13,6,5.5,5],"texture":"#0"},"down":{"uv":[7.5,6,0,7],"texture":"#0"}}},{"from":[0.5,4,6.775],"to":[15.5,6,9.225],"faces":{"north":{"uv":[0,7,7.5,8],"texture":"#0"},"east":{"uv":[10,11,11.25,12],"texture":"#0"},"south":{"uv":[7.5,0,15,1],"texture":"#0"},"west":{"uv":[11.5,11,12.75,12],"texture":"#0"},"up":{"uv":[7.5,1.25,0,0],"texture":"#0"},"down":{"uv":[7.5,1.5,0,2.75],"texture":"#0"}}},{"from":[2.5,2,6.525],"to":[13.5,4,9.475],"faces":{"north":{"uv":[0,8,5.5,9],"texture":"#0"},"east":{"uv":[0,11,1.5,12],"texture":"#0"},"south":{"uv":[5.5,8,11,9],"texture":"#0"},"west":{"uv":[1.5,11,3,12],"texture":"#0"},"up":{"uv":[5.5,4.5,0,3],"texture":"#0"},"down":{"uv":[5.5,4.5,0,6],"texture":"#0"}}},{"from":[1.5,3,6.525],"to":[2.5,4,9.475],"faces":{"north":{"uv":[13.5,5.5,14,6],"texture":"#0"},"east":{"uv":[4,13,5.5,13.5],"texture":"#0"},"south":{"uv":[13.5,7.5,14,8],"texture":"#0"},"west":{"uv":[13,4,14.5,4.5],"texture":"#0"},"up":{"uv":[13.5,6,13,4.5],"texture":"#0"},"down":{"uv":[6,13,5.5,14.5],"texture":"#0"}}},{"from":[13.5,3,6.525],"to":[14.5,4,9.475],"rotation":{"angle":0,"axis":"y","origin":[16,0,0]},"faces":{"north":{"uv":[9,13.5,9.5,14],"texture":"#0"},"east":{"uv":[6,13,7.5,13.5],"texture":"#0"},"south":{"uv":[9.5,13.5,10,14],"texture":"#0"},"west":{"uv":[13,6,14.5,6.5],"texture":"#0"},"up":{"uv":[13.5,8,13,6.5],"texture":"#0"},"down":{"uv":[8,13,7.5,14.5],"texture":"#0"}}},{"from":[3.75,1,6.275],"to":[12.25,2,9.725],"faces":{"north":{"uv":[10,10.5,14.25,11],"texture":"#0"},"east":{"uv":[10,12.5,11.75,13],"texture":"#0"},"south":{"uv":[11,8,15.25,8.5],"texture":"#0"},"west":{"uv":[12,12.5,13.75,13],"texture":"#0"},"up":{"uv":[11.75,2.75,7.5,1],"texture":"#0"},"down":{"uv":[11.75,6,7.5,7.75],"texture":"#0"}}},{"from":[15.36543,5.82424,7],"to":[16.36543,7.82424,9],"rotation":{"angle":0,"axis":"y","origin":[17.36543,-4.17576,0]},"faces":{"north":{"uv":[3,13.5,3.5,14.5],"texture":"#0"},"east":{"uv":[12,6,13,7],"texture":"#0"},"south":{"uv":[3.5,13.5,4,14.5],"texture":"#0"},"west":{"uv":[12,7,13,8],"texture":"#0"},"up":{"uv":[4.5,14.5,4,13.5],"texture":"#0"},"down":{"uv":[5,13.5,4.5,14.5],"texture":"#0"}}},{"from":[6,0,6],"to":[10,1,10],"faces":{"north":{"uv":[11,8.5,13,9],"texture":"#0"},"east":{"uv":[12,9,14,9.5],"texture":"#0"},"south":{"uv":[12,9.5,14,10],"texture":"#0"},"west":{"uv":[10,12,12,12.5],"texture":"#0"},"up":{"uv":[2,11,0,9],"texture":"#0"},"down":{"uv":[4,9,2,11],"texture":"#0"}}},{"from":[11.14389,-3.75071,6.25],"to":[14.14389,-2.75071,9.75],"rotation":{"angle":22.5,"axis":"z","origin":[1.14389,-4.75071,0]},"faces":{"north":{"uv":[13,8.5,14.5,9],"texture":"#0"},"east":{"uv":[0,13,1.75,13.5],"texture":"#0"},"south":{"uv":[10,13,11.5,13.5],"texture":"#0"},"west":{"uv":[2,13,3.75,13.5],"texture":"#0"},"up":{"uv":[5.5,12.25,4,10.5],"texture":"#0"},"down":{"uv":[7,10.5,5.5,12.25],"texture":"#0"}}},{"from":[1.85611,-3.75071,6.25],"to":[4.85611,-2.75071,9.75],"rotation":{"angle":-22.5,"axis":"z","origin":[14.85611,-4.75071,0]},"faces":{"north":{"uv":[13,11,14.5,11.5],"texture":"#0"},"east":{"uv":[13,3,14.75,3.5],"texture":"#0"},"south":{"uv":[11.5,13,13,13.5],"texture":"#0"},"west":{"uv":[13,3.5,14.75,4],"texture":"#0"},"up":{"uv":[8.5,12.25,7,10.5],"texture":"#0"},"down":{"uv":[10,10.5,8.5,12.25],"texture":"#0"}}},{"from":[-4.40768,-5.63012,6.5],"to":[-0.40768,-4.63012,9.5],"rotation":{"angle":-45,"axis":"z","origin":[9.59232,-6.63012,0]},"faces":{"north":{"uv":[12,10,14,10.5],"texture":"#0"},"east":{"uv":[13,11.5,14.5,12],"texture":"#0"},"south":{"uv":[12,12,14,12.5],"texture":"#0"},"west":{"uv":[13,13,14.5,13.5],"texture":"#0"},"up":{"uv":[6,10.5,4,9],"texture":"#0"},"down":{"uv":[8,9,6,10.5],"texture":"#0"}}},{"from":[16.40768,-5.63012,6.5],"to":[20.40768,-4.63012,9.5],"rotation":{"angle":45,"axis":"z","origin":[6.40768,-6.63012,0]},"faces":{"north":{"uv":[4,12.5,6,13],"texture":"#0"},"east":{"uv":[0,13.5,1.5,14],"texture":"#0"},"south":{"uv":[6,12.5,8,13],"texture":"#0"},"west":{"uv":[13.5,1,15,1.5],"texture":"#0"},"up":{"uv":[10,10.5,8,9],"texture":"#0"},"down":{"uv":[12,9,10,10.5],"texture":"#0"}}},{"from":[10.69711,4.355,6.75],"to":[11.69711,6.355,9.25],"rotation":{"angle":-22.5,"axis":"z","origin":[12.69711,-5.645,0]},"faces":{"north":{"uv":[13.5,4.5,14,5.5],"texture":"#0"},"east":{"uv":[0,12,1.25,13],"texture":"#0"},"south":{"uv":[5,13.5,5.5,14.5],"texture":"#0"},"west":{"uv":[12,1,13.25,2],"texture":"#0"},"up":{"uv":[2,14.75,1.5,13.5],"texture":"#0"},"down":{"uv":[14,1.5,13.5,2.75],"texture":"#0"}}},{"from":[4.30289,4.355,6.75],"to":[5.30289,6.355,9.25],"rotation":{"angle":22.5,"axis":"z","origin":[3.30289,-5.645,0]},"faces":{"north":{"uv":[6,13.5,6.5,14.5],"texture":"#0"},"east":{"uv":[1.5,12,2.75,13],"texture":"#0"},"south":{"uv":[6.5,13.5,7,14.5],"texture":"#0"},"west":{"uv":[12,2,13.25,3],"texture":"#0"},"up":{"uv":[2.5,14.75,2,13.5],"texture":"#0"},"down":{"uv":[3,13.5,2.5,14.75],"texture":"#0"}}},{"from":[-0.36543,5.82424,7],"to":[0.63457,7.82424,9],"rotation":{"angle":0,"axis":"y","origin":[-1.36543,-4.17576,0]},"faces":{"north":{"uv":[13.5,6.5,14,7.5],"texture":"#0"},"east":{"uv":[8,12.5,9,13.5],"texture":"#0"},"south":{"uv":[7,13.5,7.5,14.5],"texture":"#0"},"west":{"uv":[9,12.5,10,13.5],"texture":"#0"},"up":{"uv":[8.5,14.5,8,13.5],"texture":"#0"},"down":{"uv":[9,13.5,8.5,14.5],"texture":"#0"}}}],"display":{"thirdperson_righthand":{"rotation":[32.38,-50.49,-22.25],"translation":[-1.5,1.25,0],"scale":[0.61,0.61,0.61]},"thirdperson_lefthand":{"rotation":[32.38,-50.49,-22.25],"translation":[-1.5,1.25,0],"scale":[0.61,0.61,0.61]},"firstperson_righthand":{"rotation":[-110.39,64.85,137.94],"translation":[-1.25,6.5,2.25],"scale":[0.68,0.68,0.68]},"firstperson_lefthand":{"rotation":[-110.39,64.85,137.94],"translation":[-1.25,6.5,2.25],"scale":[0.68,0.68,0.68]},"ground":{"translation":[0,5.5,0]},"gui":{"rotation":[-28.8,29.89,50.46],"translation":[-1.5,2,0]},"head":{"rotation":[0,0,-127.75],"translation":[-3,3.5,0]},"fixed":{"translation":[0,3.5,0]}},"groups":[{"name":"lemon","origin":[8,8,8],"color":0,"children":[{"name":"lemon_guts","origin":[0,0,0],"color":0,"children":[0,1,2,3,4,5]},{"name":"lemon_skin","origin":[-1.36543,-4.17576,0],"color":0,"children":[6,7,8,9,10,11,12,13,14]}]}]}