{"credit":"momirealms","texture_size":[64,64],"textures":{"0":"9zywu6k50:obf/a/q/c/w/p/5/i/7/0/q/.","particle":"9zywu6k50:obf/a/q/c/w/p/5/i/7/0/q/."},"elements":[{"from":[6.2,0,5.9],"to":[9.8,1.65,9.65],"rotation":{"angle":0,"axis":"y","origin":[-4,0,-4]},"faces":{"north":{"uv":[2.75,0,4.5,1],"texture":"#0"},"east":{"uv":[2.75,1.25,4.5,2],"texture":"#0"},"south":{"uv":[2.75,0,4.5,1],"texture":"#0"},"west":{"uv":[2.75,0,4.5,1],"texture":"#0"},"up":{"uv":[2.75,0,4.5,2],"texture":"#0"},"down":{"uv":[2.75,0,4.5,2],"texture":"#0"}}},{"from":[12.89962,-0.22051,3.5],"to":[12.89962,8.77949,12.5],"rotation":{"angle":-22.5,"axis":"z","origin":[12.89962,4.27949,8]},"faces":{"north":{"uv":[3.75,12.75,0.25,16],"texture":"#0"},"east":{"uv":[3.75,12.75,0.25,16],"texture":"#0"},"south":{"uv":[3.75,12.75,0.25,16],"texture":"#0"},"west":{"uv":[3.75,12.75,0.25,16],"texture":"#0"},"up":{"uv":[3.75,12.75,0.25,16],"texture":"#0"},"down":{"uv":[3.75,12.75,0.25,16],"texture":"#0"}}},{"from":[3.10039,-0.08362,3.23489],"to":[12.10039,8.91638,3.23489],"rotation":{"angle":-22.5,"axis":"x","origin":[7.60039,4.41637,3.23489]},"faces":{"north":{"uv":[0.25,12.75,3.75,16],"texture":"#0"},"east":{"uv":[0.25,12.75,3.75,16],"texture":"#0"},"south":{"uv":[0.25,12.75,3.75,16],"texture":"#0"},"west":{"uv":[0.25,12.75,3.75,16],"texture":"#0"},"up":{"uv":[0.25,12.75,3.75,16],"rotation":270,"texture":"#0"},"down":{"uv":[0.25,12.75,3.75,16],"rotation":90,"texture":"#0"}}},{"from":[3.10039,1.72949,12.65],"to":[12.10039,10.72949,12.65],"rotation":{"angle":22.5,"axis":"x","origin":[3.10039,4.27949,8]},"faces":{"north":{"uv":[0.25,12.75,3.75,16],"texture":"#0"},"east":{"uv":[0.25,12.75,3.75,16],"texture":"#0"},"south":{"uv":[0.25,12.75,3.75,16],"texture":"#0"},"west":{"uv":[0.25,12.75,3.75,16],"texture":"#0"},"up":{"uv":[0.25,12.75,3.75,16],"rotation":270,"texture":"#0"},"down":{"uv":[0.25,12.75,3.75,16],"rotation":90,"texture":"#0"}}},{"from":[3.10039,1.72949,12.65],"to":[12.10039,10.72949,12.65],"rotation":{"angle":22.5,"axis":"x","origin":[3.10039,4.27949,8]},"faces":{"north":{"uv":[0.25,12.75,3.75,16],"texture":"#0"},"east":{"uv":[0.25,12.75,3.75,16],"texture":"#0"},"south":{"uv":[0.25,12.75,3.75,16],"texture":"#0"},"west":{"uv":[0.25,12.75,3.75,16],"texture":"#0"},"up":{"uv":[0.25,12.75,3.75,16],"rotation":270,"texture":"#0"},"down":{"uv":[0.25,12.75,3.75,16],"rotation":90,"texture":"#0"}}},{"from":[3.10039,-0.22051,3.5],"to":[3.10039,8.77949,12.5],"rotation":{"angle":22.5,"axis":"z","origin":[3.10039,4.27949,8]},"faces":{"north":{"uv":[0.25,12.75,3.75,16],"texture":"#0"},"east":{"uv":[0.25,12.75,3.75,16],"texture":"#0"},"south":{"uv":[0.25,12.75,3.75,16],"texture":"#0"},"west":{"uv":[0.25,12.75,3.75,16],"texture":"#0"},"up":{"uv":[0.25,12.75,3.75,16],"texture":"#0"},"down":{"uv":[0.25,12.75,3.75,16],"texture":"#0"}}},{"from":[-2.35,2.73198,3.21066],"to":[4.85,2.73198,12.21066],"rotation":{"angle":-45,"axis":"z","origin":[1.25,0.18198,7.71066]},"faces":{"north":{"uv":[9,6.25,12,9.25],"rotation":270,"texture":"#0"},"east":{"uv":[9,6.25,12,9.25],"rotation":270,"texture":"#0"},"south":{"uv":[9,6.25,12,9.25],"rotation":270,"texture":"#0"},"west":{"uv":[9,6.25,12,9.25],"rotation":270,"texture":"#0"},"up":{"uv":[9,6.25,12,9.25],"rotation":270,"texture":"#0"},"down":{"uv":[9,6.25,12,9.25],"rotation":270,"texture":"#0"}}},{"from":[9.85772,2.74592,3.81067],"to":[17.05772,2.74592,12.81067],"rotation":{"angle":45,"axis":"z","origin":[13.60772,1.69591,8.91067]},"faces":{"north":{"uv":[9,6.25,12,9.25],"rotation":90,"texture":"#0"},"east":{"uv":[9,6.25,12,9.25],"rotation":90,"texture":"#0"},"south":{"uv":[9,6.25,12,9.25],"rotation":90,"texture":"#0"},"west":{"uv":[9,6.25,12,9.25],"rotation":90,"texture":"#0"},"up":{"uv":[9,6.25,12,9.25],"rotation":90,"texture":"#0"},"down":{"uv":[9,6.25,12,9.25],"rotation":90,"texture":"#0"}}},{"from":[3.65,3.33198,8.58933],"to":[12.35,3.33198,16.08933],"rotation":{"angle":-45,"axis":"x","origin":[8.75,3.18198,13.68934]},"faces":{"north":{"uv":[9,9.25,12,6.25],"texture":"#0"},"east":{"uv":[9,9.25,12,6.25],"texture":"#0"},"south":{"uv":[9,9.25,12,6.25],"texture":"#0"},"west":{"uv":[9,9.25,12,6.25],"texture":"#0"},"up":{"uv":[9,9.25,12,6.25],"texture":"#0"},"down":{"uv":[12,6.25,9,9.25],"texture":"#0"}}},{"from":[3.65,3.03198,-0.23934],"to":[12.35,3.03198,7.26067],"rotation":{"angle":45,"axis":"x","origin":[8.75,3.18198,2.31067]},"faces":{"north":{"uv":[9,6.25,12,9.25],"texture":"#0"},"east":{"uv":[9,6.25,12,9.25],"texture":"#0"},"south":{"uv":[9,6.25,12,9.25],"texture":"#0"},"west":{"uv":[9,6.25,12,9.25],"texture":"#0"},"up":{"uv":[9,6.25,12,9.25],"texture":"#0"},"down":{"uv":[12,9.25,9,6.25],"texture":"#0"}}},{"from":[10.25,0,5],"to":[10.25,6,11],"rotation":{"angle":0,"axis":"y","origin":[8,2.25,8.75]},"faces":{"north":{"uv":[1,6,3,8],"texture":"#0"},"east":{"uv":[1,6,3,8],"texture":"#0"},"south":{"uv":[1,6,3,8],"texture":"#0"},"west":{"uv":[1,6,3,8],"texture":"#0"},"up":{"uv":[1,6,3,8],"rotation":270,"texture":"#0"},"down":{"uv":[1,6,3,8],"rotation":90,"texture":"#0"}}},{"from":[5,0,5.75],"to":[11,6,5.75],"rotation":{"angle":0,"axis":"y","origin":[8,2.25,8.75]},"faces":{"north":{"uv":[1,6,3,8],"texture":"#0"},"east":{"uv":[1,6,3,8],"texture":"#0"},"south":{"uv":[1,6,3,8],"texture":"#0"},"west":{"uv":[1,6,3,8],"texture":"#0"},"up":{"uv":[1,6,3,8],"rotation":180,"texture":"#0"},"down":{"uv":[1,6,3,8],"rotation":180,"texture":"#0"}}},{"from":[5,0,10.25],"to":[11,6,10.25],"rotation":{"angle":0,"axis":"y","origin":[8,2.25,8.75]},"faces":{"north":{"uv":[1,6,3,8],"texture":"#0"},"east":{"uv":[1,6,3,8],"texture":"#0"},"south":{"uv":[1,6,3,8],"texture":"#0"},"west":{"uv":[1,6,3,8],"texture":"#0"},"up":{"uv":[1,6,3,8],"rotation":180,"texture":"#0"},"down":{"uv":[1,6,3,8],"rotation":180,"texture":"#0"}}},{"from":[5.75,0,5],"to":[5.75,6,11],"rotation":{"angle":0,"axis":"y","origin":[8,2.25,8.75]},"faces":{"north":{"uv":[1,6,3,8],"texture":"#0"},"east":{"uv":[1,6,3,8],"texture":"#0"},"south":{"uv":[1,6,3,8],"texture":"#0"},"west":{"uv":[1,6,3,8],"texture":"#0"},"up":{"uv":[1,6,3,8],"rotation":270,"texture":"#0"},"down":{"uv":[1,6,3,8],"rotation":90,"texture":"#0"}}}],"gui_light":"front","display":{"fixed":{"rotation":[-90,0,0],"translation":[0,0,-16],"scale":[2,2,2]}}}