{"format_version":"1.21.6","credit":"Made with Blockbench","texture_size":[16,32],"textures":{"0":"2y4dpobve:obf/l/o/4/q/0/z/3/5/z/c/.","1":"sydn0au02:obf/o/h/q/e/s/8/r/n/t/6/.","particle":"2y4dpobve:obf/l/o/4/q/0/z/3/5/z/c/."},"elements":[{"from":[-8,0,11],"to":[8,32,11],"rotation":{"angle":45,"axis":"y","origin":[0,0,0]},"faces":{"north":{"uv":[16,0,0,16],"texture":"#0"},"east":{"uv":[0,0,0,16],"texture":"#missing"},"south":{"uv":[0,0,16,16],"texture":"#0"},"west":{"uv":[0,0,0,16],"texture":"#missing"},"up":{"uv":[0,0,16,0],"texture":"#missing"},"down":{"uv":[0,0,16,0],"texture":"#missing"}}},{"from":[2,0,0],"to":[21,32,0],"rotation":{"angle":-45,"axis":"y","origin":[0,0,0]},"faces":{"north":{"uv":[16,0,0,16],"texture":"#0"},"east":{"uv":[0,0,0,16],"texture":"#missing"},"south":{"uv":[0,0,16,16],"texture":"#0"},"west":{"uv":[0,0,0,16],"texture":"#missing"},"up":{"uv":[0,0,16,0],"texture":"#missing"},"down":{"uv":[0,0,16,0],"texture":"#missing"}}},{"from":[3.25,19,10],"to":[5.25,21,12],"rotation":{"angle":0,"axis":"y","origin":[-0.5,2,0.25]},"faces":{"north":{"uv":[2,4,4,5],"texture":"#1"},"east":{"uv":[2,4,4,5],"texture":"#1"},"south":{"uv":[2,4,4,5],"texture":"#1"},"west":{"uv":[2,4,4,5],"texture":"#1"},"up":{"uv":[2,4,4,5],"texture":"#1"},"down":{"uv":[2,4,4,5],"texture":"#1"}}},{"from":[5.25,24.25,8.25],"to":[7.25,26.25,10.25],"rotation":{"angle":0,"axis":"y","origin":[2,3,-2]},"faces":{"north":{"uv":[2,4,4,5],"texture":"#1"},"east":{"uv":[2,4,4,5],"texture":"#1"},"south":{"uv":[2,4,4,5],"texture":"#1"},"west":{"uv":[2,4,4,5],"texture":"#1"},"up":{"uv":[2,4,4,5],"texture":"#1"},"down":{"uv":[2,4,4,5],"texture":"#1"}}},{"from":[10.25,14.5,10.25],"to":[12.25,16.5,12.25],"rotation":{"angle":0,"axis":"y","origin":[0,-2.5,0]},"faces":{"north":{"uv":[2,4,4,5],"texture":"#1"},"east":{"uv":[2,4,4,5],"texture":"#1"},"south":{"uv":[2,4,4,5],"texture":"#1"},"west":{"uv":[2,4,4,5],"texture":"#1"},"up":{"uv":[2,4,4,5],"texture":"#1"},"down":{"uv":[2,4,4,5],"texture":"#1"}}},{"from":[9.25,14,4.25],"to":[11.25,16,6.25],"rotation":{"angle":0,"axis":"y","origin":[0,-3,0]},"faces":{"north":{"uv":[2,4,4,5],"texture":"#1"},"east":{"uv":[2,4,4,5],"texture":"#1"},"south":{"uv":[2,4,4,5],"texture":"#1"},"west":{"uv":[2,4,4,5],"texture":"#1"},"up":{"uv":[2,4,4,5],"texture":"#1"},"down":{"uv":[2,4,4,5],"texture":"#1"}}},{"from":[3.25,19,3.25],"to":[5.25,21,5.25],"rotation":{"angle":0,"axis":"y","origin":[-1,2,-1]},"faces":{"north":{"uv":[2,4,4,5],"texture":"#1"},"east":{"uv":[2,4,4,5],"texture":"#1"},"south":{"uv":[2,4,4,5],"texture":"#1"},"west":{"uv":[2,4,4,5],"texture":"#1"},"up":{"uv":[2,4,4,5],"texture":"#1"},"down":{"uv":[2,4,4,5],"texture":"#1"}}},{"from":[5.25,25,5.25],"to":[7.25,27,7.25],"rotation":{"angle":0,"axis":"y","origin":[2,3,2]},"faces":{"north":{"uv":[2,4,4,5],"texture":"#1"},"east":{"uv":[2,4,4,5],"texture":"#1"},"south":{"uv":[2,4,4,5],"texture":"#1"},"west":{"uv":[2,4,4,5],"texture":"#1"},"up":{"uv":[2,4,4,5],"texture":"#1"},"down":{"uv":[2,4,4,5],"texture":"#1"}}},{"from":[9.25,22,4.25],"to":[11.25,24,6.25],"rotation":{"angle":0,"axis":"y","origin":[-1,0,1]},"faces":{"north":{"uv":[2,4,4,5],"texture":"#1"},"east":{"uv":[2,4,4,5],"texture":"#1"},"south":{"uv":[2,4,4,5],"texture":"#1"},"west":{"uv":[2,4,4,5],"texture":"#1"},"up":{"uv":[2,4,4,5],"texture":"#1"},"down":{"uv":[2,4,4,5],"texture":"#1"}}},{"from":[10.25,22,10.25],"to":[12.25,24,12.25],"rotation":{"angle":0,"axis":"y","origin":[-1,0,-1]},"faces":{"north":{"uv":[2,4,4,5],"texture":"#1"},"east":{"uv":[2,4,4,5],"texture":"#1"},"south":{"uv":[2,4,4,5],"texture":"#1"},"west":{"uv":[2,4,4,5],"texture":"#1"},"up":{"uv":[2,4,4,5],"texture":"#1"},"down":{"uv":[2,4,4,5],"texture":"#1"}}}],"display":{"gui":{"rotation":[30,-135,0],"translation":[-0.5,-3.75,0],"scale":[0.625,0.625,0.625]},"fixed":{"rotation":[-90,0,0],"translation":[0,0,-14.75],"scale":[2,2,2]}},"groups":[0,1,{"name":"all","origin":[8,8,8],"color":0,"children":[2,3,4,5,6,7,8,9]}]}