{"format_version":"1.21.6","credit":"Made with Blockbench","texture_size":[16,32],"textures":{"0":"nilnm8of3:obf/o/d/8/a/q/e/c/h/0/k/.","1":"sydn0au02:obf/o/h/q/e/s/8/r/n/t/6/.","particle":"nilnm8of3:obf/o/d/8/a/q/e/c/h/0/k/."},"elements":[{"from":[-8,0,11],"to":[8,32,11],"rotation":{"angle":45,"axis":"y","origin":[0,0,0]},"faces":{"north":{"uv":[0,0,16,16],"texture":"#0"},"east":{"uv":[0,0,0,16],"texture":"#missing"},"south":{"uv":[16,0,0,16],"texture":"#0"},"west":{"uv":[0,0,0,16],"texture":"#missing"},"up":{"uv":[0,0,16,0],"texture":"#missing"},"down":{"uv":[0,0,16,0],"texture":"#missing"}}},{"from":[2,0,0],"to":[21,32,0],"rotation":{"angle":-45,"axis":"y","origin":[0,0,0]},"faces":{"north":{"uv":[16,0,0,16],"texture":"#0"},"east":{"uv":[0,0,0,16],"texture":"#missing"},"south":{"uv":[0,0,16,16],"texture":"#0"},"west":{"uv":[0,0,0,16],"texture":"#missing"},"up":{"uv":[0,0,16,0],"texture":"#missing"},"down":{"uv":[0,0,16,0],"texture":"#missing"}}},{"from":[3,12,3],"to":[5,15,5],"rotation":{"angle":0,"axis":"y","origin":[0,-3,0]},"faces":{"north":{"uv":[6,1,8,2.5],"texture":"#1"},"east":{"uv":[6,1,8,2.5],"texture":"#1"},"south":{"uv":[6,1,8,2.5],"texture":"#1"},"west":{"uv":[6,1,8,2.5],"texture":"#1"},"up":{"uv":[6,2.5,8,3.5],"texture":"#1"},"down":{"uv":[6,2.5,8,3.5],"texture":"#1"}}},{"from":[5.25,15,5.25],"to":[7.25,18,7.25],"rotation":{"angle":0,"axis":"y","origin":[2.25,0,2.25]},"faces":{"north":{"uv":[6,1,8,2.5],"texture":"#1"},"east":{"uv":[6,1,8,2.5],"texture":"#1"},"south":{"uv":[6,1,8,2.5],"texture":"#1"},"west":{"uv":[6,1,8,2.5],"texture":"#1"},"up":{"uv":[6,2.5,8,3.5],"texture":"#1"},"down":{"uv":[6,2.5,8,3.5],"texture":"#1"}}},{"from":[5.25,19,5.25],"to":[7.25,22,7.25],"rotation":{"angle":0,"axis":"y","origin":[2.25,4,2.25]},"faces":{"north":{"uv":[6,1,8,2.5],"texture":"#1"},"east":{"uv":[6,1,8,2.5],"texture":"#1"},"south":{"uv":[6,1,8,2.5],"texture":"#1"},"west":{"uv":[6,1,8,2.5],"texture":"#1"},"up":{"uv":[6,2.5,8,3.5],"texture":"#1"},"down":{"uv":[6,2.5,8,3.5],"texture":"#1"}}},{"from":[8.25,19,5.25],"to":[10.25,22,7.25],"rotation":{"angle":0,"axis":"y","origin":[5.25,4,2.25]},"faces":{"north":{"uv":[6,1,8,2.5],"texture":"#1"},"east":{"uv":[6,1,8,2.5],"texture":"#1"},"south":{"uv":[6,1,8,2.5],"texture":"#1"},"west":{"uv":[6,1,8,2.5],"texture":"#1"},"up":{"uv":[6,2.5,8,3.5],"texture":"#1"},"down":{"uv":[6,2.5,8,3.5],"texture":"#1"}}},{"from":[8.25,15,5.25],"to":[10.25,18,7.25],"rotation":{"angle":0,"axis":"y","origin":[5.25,0,2.25]},"faces":{"north":{"uv":[6,1,8,2.5],"texture":"#1"},"east":{"uv":[6,1,8,2.5],"texture":"#1"},"south":{"uv":[6,1,8,2.5],"texture":"#1"},"west":{"uv":[6,1,8,2.5],"texture":"#1"},"up":{"uv":[6,2.5,8,3.5],"texture":"#1"},"down":{"uv":[6,2.5,8,3.5],"texture":"#1"}}},{"from":[8.75,16,8.75],"to":[10.75,19,10.75],"rotation":{"angle":0,"axis":"y","origin":[5.75,1,5.75]},"faces":{"north":{"uv":[6,1,8,2.5],"texture":"#1"},"east":{"uv":[6,1,8,2.5],"texture":"#1"},"south":{"uv":[6,1,8,2.5],"texture":"#1"},"west":{"uv":[6,1,8,2.5],"texture":"#1"},"up":{"uv":[6,2.5,8,3.5],"texture":"#1"},"down":{"uv":[6,2.5,8,3.5],"texture":"#1"}}},{"from":[5,16,8.75],"to":[7,19,10.75],"rotation":{"angle":0,"axis":"y","origin":[2,1,5.75]},"faces":{"north":{"uv":[6,1,8,2.5],"texture":"#1"},"east":{"uv":[6,1,8,2.5],"texture":"#1"},"south":{"uv":[6,1,8,2.5],"texture":"#1"},"west":{"uv":[6,1,8,2.5],"texture":"#1"},"up":{"uv":[6,2.5,8,3.5],"texture":"#1"},"down":{"uv":[6,2.5,8,3.5],"texture":"#1"}}},{"from":[4,11,9.5],"to":[6,14,11.5],"rotation":{"angle":0,"axis":"y","origin":[1,-4,6.5]},"faces":{"north":{"uv":[6,1,8,2.5],"texture":"#1"},"east":{"uv":[6,1,8,2.5],"texture":"#1"},"south":{"uv":[6,1,8,2.5],"texture":"#1"},"west":{"uv":[6,1,8,2.5],"texture":"#1"},"up":{"uv":[6,2.5,8,3.5],"texture":"#1"},"down":{"uv":[6,2.5,8,3.5],"texture":"#1"}}},{"from":[10.5,11,10.5],"to":[12.5,14,12.5],"rotation":{"angle":0,"axis":"y","origin":[7.5,-4,7.5]},"faces":{"north":{"uv":[6,1,8,2.5],"texture":"#1"},"east":{"uv":[6,1,8,2.5],"texture":"#1"},"south":{"uv":[6,1,8,2.5],"texture":"#1"},"west":{"uv":[6,1,8,2.5],"texture":"#1"},"up":{"uv":[6,2.5,8,3.5],"texture":"#1"},"down":{"uv":[6,2.5,8,3.5],"texture":"#1"}}},{"from":[10,12,3.5],"to":[12,15,5.5],"rotation":{"angle":0,"axis":"y","origin":[7,-3,0.5]},"faces":{"north":{"uv":[6,1,8,2.5],"texture":"#1"},"east":{"uv":[6,1,8,2.5],"texture":"#1"},"south":{"uv":[6,1,8,2.5],"texture":"#1"},"west":{"uv":[6,1,8,2.5],"texture":"#1"},"up":{"uv":[6,2.5,8,3.5],"texture":"#1"},"down":{"uv":[6,2.5,8,3.5],"texture":"#1"}}}],"display":{"gui":{"rotation":[30,-135,0],"translation":[-0.5,-3.75,0],"scale":[0.625,0.625,0.625]},"fixed":{"rotation":[-90,0,0],"translation":[0,0,-14.75],"scale":[2,2,2]}},"groups":[0,1,{"name":"all","origin":[8,8,8],"color":0,"children":[2,3,4,5,6,7,8,9,10,11]}]}