{"credit":"momirealms","textures":{"0":"kih4hfkxi:obf/0/7/v/c/q/r/x/3/d/k/.","particle":"kih4hfkxi:obf/0/7/v/c/q/r/x/3/d/k/."},"elements":[{"from":[0,0,3],"to":[0,16,19],"rotation":{"angle":45,"axis":"y","origin":[0,0,0]},"faces":{"north":{"uv":[0,0,0,16],"texture":"#0"},"east":{"uv":[0,0,16,16],"texture":"#0"},"south":{"uv":[0,0,0,16],"texture":"#0"},"west":{"uv":[0,0,16,16],"texture":"#0"},"up":{"uv":[0,0,0,16],"texture":"#0"},"down":{"uv":[0,0,0,16],"texture":"#0"}}},{"from":[-8,0,11],"to":[8,16,11],"rotation":{"angle":45,"axis":"y","origin":[0,0,0]},"faces":{"north":{"uv":[0,0,16,16],"texture":"#0"},"east":{"uv":[0,0,0,16],"texture":"#0"},"south":{"uv":[0,0,16,16],"texture":"#0"},"west":{"uv":[0,0,0,16],"texture":"#0"},"up":{"uv":[0,0,0,16],"rotation":270,"texture":"#0"},"down":{"uv":[0,0,0,16],"rotation":90,"texture":"#0"}}}],"gui_light":"front","display":{"fixed":{"rotation":[-90,0,0],"translation":[0,0,-16],"scale":[2,2,2]}}}