{"credit":"momirealms","texture_size":[32,32],"textures":{"2":"olje3wxzv:obf/u/c/e/7/9/v/i/r/r/3/.","particle":"olje3wxzv:obf/u/c/e/7/9/v/i/r/r/3/."},"elements":[{"from":[7.625,2.25,5.5625],"to":[7.625,6.75,10.0625],"rotation":{"angle":-22.5,"axis":"z","origin":[2,0,2]},"faces":{"north":{"uv":[0,0,0,3],"texture":"#2"},"east":{"uv":[0,11,3,14],"texture":"#2"},"south":{"uv":[0,0,0,3],"texture":"#2"},"west":{"uv":[0,11,3,14],"texture":"#2"},"up":{"uv":[0,0,0,3],"texture":"#2"},"down":{"uv":[0,0,0,3],"texture":"#2"}}},{"from":[5.5625,2.25,7.625],"to":[10.0625,6.75,7.625],"rotation":{"angle":22.5,"axis":"x","origin":[2,0,2]},"faces":{"north":{"uv":[0,11,3,14],"texture":"#2"},"east":{"uv":[0,0,0,3],"texture":"#2"},"south":{"uv":[0,11,3,14],"texture":"#2"},"west":{"uv":[0,0,0,3],"texture":"#2"},"up":{"uv":[0,0,0,3],"rotation":90,"texture":"#2"},"down":{"uv":[0,0,0,3],"rotation":270,"texture":"#2"}}},{"from":[5.5625,-2.0625,7.0625],"to":[10.0625,2.4375,7.0625],"rotation":{"angle":-22.5,"axis":"x","origin":[2,0,2]},"faces":{"north":{"uv":[0,11,3,14],"texture":"#2"},"east":{"uv":[0,0,0,3],"texture":"#2"},"south":{"uv":[0,11,3,14],"texture":"#2"},"west":{"uv":[0,0,0,3],"texture":"#2"},"up":{"uv":[0,0,0,3],"rotation":90,"texture":"#2"},"down":{"uv":[0,0,0,3],"rotation":270,"texture":"#2"}}},{"from":[7.0625,-2.25,5.5625],"to":[7.0625,2.25,10.0625],"rotation":{"angle":22.5,"axis":"z","origin":[2,0,2]},"faces":{"north":{"uv":[0,0,0,3],"texture":"#2"},"east":{"uv":[0,11,3,14],"texture":"#2"},"south":{"uv":[0,0,0,3],"texture":"#2"},"west":{"uv":[0,11,3,14],"texture":"#2"},"up":{"uv":[0,0,0,3],"texture":"#2"},"down":{"uv":[0,0,0,3],"texture":"#2"}}}],"gui_light":"front","display":{"gui":{"translation":[0,-1,0]},"fixed":{"rotation":[-90,0,0],"translation":[0,0,-16],"scale":[2,2,2]}}}