{"format_version":"1.21.6","credit":"Made with Blockbench","texture_size":[16,32],"textures":{"0":"2y4dpobve:obf/j/c/9/h/2/d/s/m/e/v/.","1":"sydn0au02:obf/o/h/q/e/s/8/r/n/t/6/.","particle":"2y4dpobve:obf/j/c/9/h/2/d/s/m/e/v/."},"elements":[{"from":[-8,0,11],"to":[8,32,11],"rotation":{"angle":45,"axis":"y","origin":[0,0,0]},"faces":{"north":{"uv":[16,0,0,16],"texture":"#0"},"east":{"uv":[0,0,0,16],"texture":"#missing"},"south":{"uv":[0,0,16,16],"texture":"#0"},"west":{"uv":[0,0,0,16],"texture":"#missing"},"up":{"uv":[0,0,16,0],"texture":"#missing"},"down":{"uv":[0,0,16,0],"texture":"#missing"}}},{"from":[2,0,0],"to":[21,32,0],"rotation":{"angle":-45,"axis":"y","origin":[0,0,0]},"faces":{"north":{"uv":[16,0,0,16],"texture":"#0"},"east":{"uv":[0,0,0,16],"texture":"#missing"},"south":{"uv":[0,0,16,16],"texture":"#0"},"west":{"uv":[0,0,0,16],"texture":"#missing"},"up":{"uv":[0,0,16,0],"texture":"#missing"},"down":{"uv":[0,0,16,0],"texture":"#missing"}}},{"from":[3,15,3],"to":[6,18,6],"rotation":{"angle":0,"axis":"y","origin":[-1,0,-1]},"faces":{"north":{"uv":[10,0,13,1.5],"texture":"#1"},"east":{"uv":[10,0,13,1.5],"texture":"#1"},"south":{"uv":[10,0,13,1.5],"texture":"#1"},"west":{"uv":[10,0,13,1.5],"texture":"#1"},"up":{"uv":[10,0,13,1.5],"texture":"#1"},"down":{"uv":[10,0,13,1.5],"texture":"#1"}}},{"from":[3.5,15,9],"to":[6.5,18,12],"rotation":{"angle":0,"axis":"y","origin":[-0.5,0,5]},"faces":{"north":{"uv":[10,0,13,1.5],"texture":"#1"},"east":{"uv":[10,0,13,1.5],"texture":"#1"},"south":{"uv":[10,0,13,1.5],"texture":"#1"},"west":{"uv":[10,0,13,1.5],"texture":"#1"},"up":{"uv":[10,0,13,1.5],"texture":"#1"},"down":{"uv":[10,0,13,1.5],"texture":"#1"}}},{"from":[4.25,20,8.5],"to":[7.25,23,11.5],"rotation":{"angle":0,"axis":"y","origin":[0.25,5,4.5]},"faces":{"north":{"uv":[10,0,13,1.5],"texture":"#1"},"east":{"uv":[10,0,13,1.5],"texture":"#1"},"south":{"uv":[10,0,13,1.5],"texture":"#1"},"west":{"uv":[10,0,13,1.5],"texture":"#1"},"up":{"uv":[10,0,13,1.5],"texture":"#1"},"down":{"uv":[10,0,13,1.5],"texture":"#1"}}},{"from":[4,20,4],"to":[7,23,7],"rotation":{"angle":0,"axis":"y","origin":[0,5,0]},"faces":{"north":{"uv":[10,0,13,1.5],"texture":"#1"},"east":{"uv":[10,0,13,1.5],"texture":"#1"},"south":{"uv":[10,0,13,1.5],"texture":"#1"},"west":{"uv":[10,0,13,1.5],"texture":"#1"},"up":{"uv":[10,0,13,1.5],"texture":"#1"},"down":{"uv":[10,0,13,1.5],"texture":"#1"}}},{"from":[9,15,3.5],"to":[12,18,6.5],"rotation":{"angle":0,"axis":"y","origin":[5,0,-0.5]},"faces":{"north":{"uv":[10,0,13,1.5],"texture":"#1"},"east":{"uv":[10,0,13,1.5],"texture":"#1"},"south":{"uv":[10,0,13,1.5],"texture":"#1"},"west":{"uv":[10,0,13,1.5],"texture":"#1"},"up":{"uv":[10,0,13,1.5],"texture":"#1"},"down":{"uv":[10,0,13,1.5],"texture":"#1"}}},{"from":[9,21,3.5],"to":[12,24,6.5],"rotation":{"angle":0,"axis":"y","origin":[5,6,-0.5]},"faces":{"north":{"uv":[10,0,13,1.5],"texture":"#1"},"east":{"uv":[10,0,13,1.5],"texture":"#1"},"south":{"uv":[10,0,13,1.5],"texture":"#1"},"west":{"uv":[10,0,13,1.5],"texture":"#1"},"up":{"uv":[10,0,13,1.5],"texture":"#1"},"down":{"uv":[10,0,13,1.5],"texture":"#1"}}},{"from":[10,15,10.25],"to":[13,18,13.25],"rotation":{"angle":0,"axis":"y","origin":[6,0,6.25]},"faces":{"north":{"uv":[10,0,13,1.5],"texture":"#1"},"east":{"uv":[10,0,13,1.5],"texture":"#1"},"south":{"uv":[10,0,13,1.5],"texture":"#1"},"west":{"uv":[10,0,13,1.5],"texture":"#1"},"up":{"uv":[10,0,13,1.5],"texture":"#1"},"down":{"uv":[10,0,13,1.5],"texture":"#1"}}},{"from":[10,21,10.25],"to":[13,24,13.25],"rotation":{"angle":0,"axis":"y","origin":[6,6,6.25]},"faces":{"north":{"uv":[10,0,13,1.5],"texture":"#1"},"east":{"uv":[10,0,13,1.5],"texture":"#1"},"south":{"uv":[10,0,13,1.5],"texture":"#1"},"west":{"uv":[10,0,13,1.5],"texture":"#1"},"up":{"uv":[10,0,13,1.5],"texture":"#1"},"down":{"uv":[10,0,13,1.5],"texture":"#1"}}}],"display":{"gui":{"rotation":[30,-135,0],"translation":[-0.5,-3.75,0],"scale":[0.625,0.625,0.625]},"fixed":{"rotation":[-90,0,0],"translation":[0,0,-14.75],"scale":[2,2,2]}},"groups":[0,1,{"name":"all","origin":[8,8,8],"color":0,"children":[2,3,4,5,6,7,8,9]}]}