{"credit":"momirealms","texture_size":[32,32],"textures":{"2":"olje3wxzv:obf/u/c/e/7/9/v/i/r/r/3/.","particle":"olje3wxzv:obf/u/c/e/7/9/v/i/r/r/3/."},"elements":[{"from":[6.25,1,6.25],"to":[9.25,5,9.25],"rotation":{"angle":0,"axis":"y","origin":[0,2,0]},"faces":{"north":{"uv":[3,12,5,14],"texture":"#2"},"east":{"uv":[3,11,5,14],"texture":"#2"},"south":{"uv":[6,11,8,14],"texture":"#2"},"west":{"uv":[6,11,8,14],"texture":"#2"},"up":{"uv":[5,9,3,7],"texture":"#2"},"down":{"uv":[8,7,6,9],"texture":"#2"}}},{"from":[6,0.75,6],"to":[9.5,5.25,9.5],"rotation":{"angle":0,"axis":"y","origin":[0,2,0]},"faces":{"north":{"uv":[3,4,5,7],"texture":"#2"},"east":{"uv":[0,4,2,7],"texture":"#2"},"south":{"uv":[6,4,8,7],"texture":"#2"},"west":{"uv":[6,4,8,7],"texture":"#2"},"up":{"uv":[5,2,3,0],"texture":"#2"},"down":{"uv":[9,0,6,3],"texture":"#2"}}},{"from":[8,5,6],"to":[8,8,9],"faces":{"north":{"uv":[0,0,0,1.5],"texture":"#2"},"east":{"uv":[0,10.5,1.5,12],"texture":"#2"},"south":{"uv":[0,0,0,1.5],"texture":"#2"},"west":{"uv":[1.5,10.5,3,12],"texture":"#2"},"up":{"uv":[0,0,0,1.5],"texture":"#2"},"down":{"uv":[0,0,0,1.5],"texture":"#2"}}},{"from":[6,5,8],"to":[9,8,8],"faces":{"north":{"uv":[0,10.5,1.5,12],"texture":"#2"},"east":{"uv":[0,0,0,1.5],"texture":"#2"},"south":{"uv":[1.5,10.5,3,12],"texture":"#2"},"west":{"uv":[0,0,0,1.5],"texture":"#2"},"up":{"uv":[0,0,0,1.5],"rotation":270,"texture":"#2"},"down":{"uv":[0,0,0,1.5],"rotation":90,"texture":"#2"}}},{"from":[8.5,3,4.75],"to":[8.5,9,10.75],"rotation":{"angle":-22.5,"axis":"z","origin":[0,0,0]},"faces":{"north":{"uv":[0,0,0,3],"texture":"#2"},"east":{"uv":[0,11,3,14],"texture":"#2"},"south":{"uv":[0,0,0,3],"texture":"#2"},"west":{"uv":[0,11,3,14],"texture":"#2"},"up":{"uv":[0,0,0,3],"texture":"#2"},"down":{"uv":[0,0,0,3],"texture":"#2"}}},{"from":[4.75,3,8.5],"to":[10.75,9,8.5],"rotation":{"angle":22.5,"axis":"x","origin":[0,0,0]},"faces":{"north":{"uv":[0,11,3,14],"texture":"#2"},"east":{"uv":[0,0,0,3],"texture":"#2"},"south":{"uv":[0,11,3,14],"texture":"#2"},"west":{"uv":[0,0,0,3],"texture":"#2"},"up":{"uv":[0,0,0,3],"rotation":90,"texture":"#2"},"down":{"uv":[0,0,0,3],"rotation":270,"texture":"#2"}}},{"from":[4.75,-2.75,5.75],"to":[10.75,3.25,5.75],"rotation":{"angle":-22.5,"axis":"x","origin":[0,0,0]},"faces":{"north":{"uv":[0,11,3,14],"texture":"#2"},"east":{"uv":[0,0,0,3],"texture":"#2"},"south":{"uv":[0,11,3,14],"texture":"#2"},"west":{"uv":[0,0,0,3],"texture":"#2"},"up":{"uv":[0,0,0,3],"rotation":90,"texture":"#2"},"down":{"uv":[0,0,0,3],"rotation":270,"texture":"#2"}}},{"from":[5.75,-3,4.75],"to":[5.75,3,10.75],"rotation":{"angle":22.5,"axis":"z","origin":[0,0,0]},"faces":{"north":{"uv":[0,0,0,3],"texture":"#2"},"east":{"uv":[0,11,3,14],"texture":"#2"},"south":{"uv":[0,0,0,3],"texture":"#2"},"west":{"uv":[0,11,3,14],"texture":"#2"},"up":{"uv":[0,0,0,3],"texture":"#2"},"down":{"uv":[0,0,0,3],"texture":"#2"}}}],"gui_light":"front","display":{"gui":{"translation":[0,-1,0]},"fixed":{"rotation":[-90,0,0],"translation":[0,0,-16],"scale":[2,2,2]}}}